word,length,fre,pmi,entropy
太祖,2,0.0017781992768656275,4.59520283621076,3.802585821544239
北平,2,0.0012052239543200362,3.7801506975952095,3.487849072407565
北京,2,0.001284255033291842,4.431450768219654,3.4222764579026577
天下,2,0.0020745658230098985,4.309870941103933,3.298285425534005
遣使,2,0.0009878884871475707,4.796290937501782,3.2774545593813365
友諒,2,0.0007903107897180566,6.283363904774387,3.2729911457779717
都督,2,0.0021733546717246557,4.9885774375090834,3.1884846916264187
京師,2,0.0013237705727777449,4.537358858457934,3.1499881076529346
曰「,2,0.0019165036650662874,5.840129512347172,3.141146404501253
徐達,2,0.0013237705727777449,5.657670860711157,3.1371068208267356
安南,2,0.0011261928753482308,3.4240713344942875,3.1350158817369627
諸將,2,0.0008100685594610081,3.9022083448903366,3.1004806381596315
有司,2,0.0007507952502321537,4.34472041709676,3.099306755957766
大同,2,0.0007903107897180566,4.174402088332736,3.0866231470438708
入貢,2,0.0020548080532669473,5.5332618312869695,3.0680163410907144
甲子,2,0.0009088574081757651,3.14149881171787,3.059857543403538
瓦剌,2,0.001185466184577085,5.8401715329793085,3.054470508025124
交阯,2,0.0007507952502321537,7.194377579547699,3.012574206852389
屯田,2,0.0004939442435737853,5.378011081194599,2.997068727089017
山東,2,0.001521348270207259,4.352795985820966,2.9634583989006376
副之,2,0.000572975322545591,3.74534113836608,2.948783720452396
藍玉,2,0.0005334597830596882,6.966954698614114,2.91704765594493
傅友德,3,0.0006520064015173967,6.122433537961751,2.9165819720383097
河南,2,0.0017979570466085787,4.140234543837293,2.904310211239989
盛庸,2,0.0003951553948590283,6.657576469378448,2.8571028374420018
雲南,2,0.0004149131646019797,4.172669819590447,2.8464803861348664
都指揮,3,0.000572975322545591,4.423150946054261,2.832747226140456
乙丑,2,0.0006915219410032995,3.711634860327472,2.8182497857128355
庚寅,2,0.0008495840989469109,4.009614361420229,2.8052539366709293
燕兵,2,0.0007507952502321537,4.146628589128782,2.8008060604794807
庚申,2,0.0008495840989469109,4.047559292984353,2.7930853751880327
皇太子,3,0.0009878884871475707,4.298174901340741,2.7873880126510153
張輔,2,0.000572975322545591,5.881737572973389,2.7873309195170792
山西,2,0.0011064351056052793,3.76240853921879,2.785796385326687
是年,2,0.0016991681978938218,4.00217000176166,2.7722993080678604
十二月,3,0.0016794104281508703,3.5865940190919576,2.759269575602174
敗績,2,0.0004939442435737853,5.805980168231029,2.7543317035592523
國公,2,0.0013632861122636476,5.458633013457513,2.745826747204591
士誠,2,0.0006915219410032995,5.035992835527743,2.7240830181127116
湖廣,2,0.0007903107897180566,5.449649952821996,2.7181959270449143
南京,2,0.0005927330922885425,3.0199903096520617,2.7080502011022096
死之,2,0.0005532175528026397,3.220227322418583,2.700703487997783
阿魯臺,3,0.0004149131646019797,6.754426295368365,2.689535773467994
馮勝,2,0.000572975322545591,6.702607131092275,2.6893374646452948
李文忠,3,0.00043467093434493113,5.979933475354468,2.6891781665181385
辛巳,2,0.0007507952502321537,3.9567316519975075,2.687140623693761
世子,2,0.00031612431588722267,4.044259691359778,2.685945324669788
也」,2,0.0003358820856301741,4.922602845659662,2.6701198898068172
占城,2,0.0012052239543200362,5.828017433328625,2.668312889775647
真定,2,0.0004149131646019797,5.282331944445142,2.6646191951934917
群臣,2,0.000474186473830834,5.986792884905361,2.6581934449279867
中官,2,0.000474186473830834,3.315802508187093,2.6581934449279867
辛丑,2,0.0007310374804892024,3.8275478413897512,2.655132581781102
戰死,2,0.000474186473830834,4.76788787515644,2.6476654641273325
夏四月,3,0.0016596526584079189,3.768915575885912,2.6460127864153424
八月,2,0.0018177148163515302,3.327859522675045,2.644887455550302
五月,2,0.0017386837373797245,3.0757683953259667,2.6327885128918407
常遇春,3,0.0005137020133167368,5.756789924040258,2.6313375280273332
水災,2,0.0006915219410032995,5.369343321434771,2.629916250512588
爪哇,2,0.0007310374804892024,7.168402093144438,2.617665166615699
九月,2,0.0017386837373797245,3.4587606475820727,2.616342322807809
州縣,2,0.0005334597830596882,4.152457615641858,2.60218779531926
沐英,2,0.00031612431588722267,6.075146003676854,2.599301927099795
錄囚,2,0.0007310374804892024,6.204873402699906,2.5916848497742278
黎利,2,0.0004939442435737853,6.584040089123683,2.587976380224867
鳳陽,2,0.0003753976251160769,6.204414269063085,2.579624673608575
福建,2,0.0003753976251160769,5.361463761063044,2.579624673608574
壬申,2,0.0008495840989469109,3.8893352877694585,2.576613707061111
辛亥,2,0.0005532175528026397,3.6801704409818177,2.576443240277137
丙戌,2,0.0007310374804892024,3.872847600619415,2.574888264651428
將士,2,0.0004149131646019797,3.0547897334313205,2.573688599722804
開平,2,0.0004939442435737853,4.041641557184043,2.5670464544742844
陝西,2,0.0007507952502321537,5.33825273436474,2.562556891600671
湯和,2,0.0005532175528026397,6.5627659148655555,2.5593632041458982
知府,2,0.0003358820856301741,4.866722387265205,2.557793860107733
都督僉事,4,0.0003358820856301741,5.318534993109102,2.5577938601077324
辛卯,2,0.0007903107897180566,3.9158187525183243,2.556307348022503
辛未,2,0.0006322486317744453,3.5708703273199114,2.5548160052052933
丁亥,2,0.0004939442435737853,3.453854892281924,2.553454531530652
六月,2,0.0016596526584079189,3.243905317127965,2.552398202274473
宣府,2,0.0003753976251160769,5.447951651621165,2.552085297620967
丁未,2,0.0007310374804892024,3.6030654737715184,2.5457079873673583
己亥,2,0.0007903107897180566,3.967533585030321,2.5451866061900277
遼東,2,0.000572975322545591,5.417857661578182,2.5449275639523017
乙未,2,0.0008890996384328137,3.851453784383036,2.539870464004995
丙申,2,0.0006124908620314939,3.744443933354997,2.5384019670044378
二月,2,0.003457609705016498,3.253528940792359,2.534499880792467
指揮,2,0.0014028016517495506,6.500489383763034,2.533266811690055
甲戌,2,0.0008890996384328137,3.936281041526217,2.5326483794307126
庚辰,2,0.0006915219410032995,3.841707238780204,2.5299964790408387
成祖,2,0.00029636654614427125,3.986509486489327,2.5232109529528914
癸丑,2,0.0010076462568905222,4.0791437615796236,2.5217679996788265
冬十月,3,0.0014620749609784048,3.467810483101991,2.517385472500638
御史,2,0.0015806215794361132,6.225544333885561,2.5133281565828893
於獄,2,0.0003951553948590283,3.8912573601522613,2.510529247162029
以聞,2,0.0003358820856301741,3.951035702525092,2.5070264355574183
暹羅,2,0.0009286151779187166,6.591402624900145,2.5057589208561852
壬午,2,0.001047161796376425,4.0499000447333575,2.505016700543243
給事中,3,0.0004149131646019797,5.553849080043567,2.491493721879438
子興,2,0.00029636654614427125,3.0817795770162477,2.488327743368588
江西,2,0.00045442870408788255,3.3717486501836618,2.487257698593149
乙卯,2,0.000711279710746251,3.7501151069530296,2.480202512432404
著為令,3,0.00031612431588722267,6.4881583174204005,2.4799555205445176
浙江,2,0.0006124908620314939,5.35145923356789,2.478005600379267
郡縣,2,0.0003358820856301741,5.982694636795795,2.4762471329830333
滿剌加,3,0.0004149131646019797,7.201924785183081,2.4632808831743667
皇帝,2,0.0007705530199751052,4.482286968908483,2.453969049047148
詔天下,3,0.0003753976251160769,4.004448555866246,2.4515830605217857
辛酉,2,0.0006322486317744453,3.855498962284802,2.447252511559233
北征,2,0.0003358820856301741,3.618802043245625,2.4454678304086483
參政,2,0.00027660877640131983,5.304804800297201,2.441015278026703
田租,2,0.001047161796376425,5.753375946976649,2.438858417469002
來朝,2,0.0005137020133167368,5.197174136104835,2.4381864010767553
秋七月,3,0.0016991681978938218,3.768915575885912,2.438007735853167
癸亥,2,0.0006322486317744453,3.7443900337161113,2.430901007066591
廣西,2,0.00029636654614427125,3.3702084111421606,2.430791328878232
王驥,2,0.0003556398553731255,4.561920933963792,2.4282736375228677
戊子,2,0.0008298263292039594,3.1587406181523763,2.4204665585658613
壬寅,2,0.0008100685594610081,3.8037623072160804,2.410816310527459
蘇門答剌,4,0.0003753976251160769,5.9047100541168795,2.4061595753978207
三年,2,0.0007507952502321537,3.046658556734223,2.4042312338156466
戰於,2,0.0004149131646019797,3.3777399447205596,2.4005631264087506
德州,2,0.00029636654614427125,3.1036359914767635,2.395908119293929
月壬戌,3,0.0003358820856301741,3.105621358475648,2.394700405858334
擊敗之,3,0.00031612431588722267,4.536928391739278,2.3933121229745242
丁卯,2,0.0008693418686898623,3.898142068929759,2.390986455913723
高麗,2,0.00045442870408788255,6.163614651664462,2.3894602821377044
癸巳,2,0.0006124908620314939,3.683820896866039,2.3826495103014116
有罪,2,0.00045442870408788255,4.054961108509518,2.375464933952589
年春正月,4,0.0019757769742951414,3.768915575885912,2.3726201983509436
兀良哈,3,0.000237093236915417,6.569283862232769,2.3693821196946767
李善長,3,0.000237093236915417,5.8998907676809305,2.3693821196946767
叛蠻,2,0.000237093236915417,4.9352678519521955,2.3693821196946767
太祖曰「,4,0.000237093236915417,4.242349740228437,2.3693821196946767
李景隆,3,0.0003358820856301741,5.149585173281037,2.3639211032839484
景隆,2,0.0007705530199751052,6.539749603869544,2.3574791955861727
哈密,2,0.0005927330922885425,6.186291609976664,2.3564101451068282
都督同知,4,0.00027660877640131983,5.318534993109102,2.3419942522324244
鎮江,2,0.00031612431588722267,3.876549888512704,2.3393717343898155
戊午,2,0.0006520064015173967,3.7343396978626098,2.334898562201829
壬辰,2,0.0006717641712603482,3.654495696692057,2.3316324947181277
皇太后,3,0.0003556398553731255,5.351324815932093,2.322187942807066
丙午,2,0.0006124908620314939,3.6959168924603363,2.3136441074490217
月乙亥,3,0.0005334597830596882,3.236111045401146,2.31350194261723
帝曰「,3,0.0002568510066583684,4.034710375450192,2.3114234446919735
皇后,2,0.0005532175528026397,4.949437529171813,2.310203242085566
山東河南,4,0.00027660877640131983,4.61635614051881,2.3046193848206715
也先,2,0.00029636654614427125,5.21689105278856,2.3034884952192693
將軍,2,0.0015806215794361132,4.065772024613734,2.303421905315436
十一月,3,0.0014818327307213562,3.5646151123731826,2.3028833014827845
矣」,2,0.00019757769742951415,5.23354178027571,2.3025850929940455
丙寅,2,0.0007705530199751052,3.9360734434353737,2.293997902456547
己丑,2,0.0006717641712603482,3.6736786534714594,2.290859131155778
軍民,2,0.0003951553948590283,3.0167566770849965,2.2899515160332604
月戊戌,3,0.0003753976251160769,3.247618652252626,2.287773229162282
月丁丑,3,0.0003951553948590283,3.1270616897135173,2.276422685805818
上皇,2,0.00031612431588722267,4.061317674264354,2.273965716419247
閏月,2,0.0005334597830596882,3.630765237405095,2.272179062744228
致仕,2,0.00021733546717246557,7.609458146355305,2.2718685126965625
水旱,2,0.00021733546717246557,5.511173516873989,2.2718685126965625
淮安,2,0.00021733546717246557,3.960872444663539,2.2718685126965625
詔曰「,3,0.000237093236915417,3.6241655981419467,2.2538575896013526
保定,2,0.00029636654614427125,5.1690032591381385,2.2459520807289133
太監,2,0.00029636654614427125,4.227478056085442,2.2459520807289133
元年,2,0.0003951553948590283,3.0779111002383273,2.2453490033286365
乙巳,2,0.0005927330922885425,3.6599997440258085,2.243509514724826
諸司,2,0.00027660877640131983,3.5961902256030194,2.242973226438147
廣東,2,0.00027660877640131983,3.573149255138851,2.242973226438147
己巳,2,0.0008100685594610081,3.9634057590852008,2.23487763179488
月己未,3,0.0003358820856301741,3.1363930171424017,2.2316069516089345
丙辰,2,0.0006520064015173967,3.8069642903363308,2.223566731840631
月甲辰,3,0.00045442870408788255,3.2408481456854155,2.2234131077999275
丁巳,2,0.0006717641712603482,3.7325191534943927,2.2216128906209702
練兵,2,0.00031612431588722267,4.686973707732763,2.220025327834538
月戊辰,3,0.00031612431588722267,3.0449967366592134,2.220025327834538
庚戌,2,0.0008495840989469109,3.9990322520896924,2.209861513032362
布政使,3,0.00027660877640131983,5.739967924882215,2.2055983590263937
永平,2,0.0002568510066583684,3.6302767269486904,2.2047854169135204
師還,2,0.0002568510066583684,3.161033046980655,2.2047854169135204
琉球中山,4,0.0007507952502321537,5.179474559005434,2.201511865986724
仁宗,2,0.00017781992768656275,5.436318028765486,2.1972245773362196
士卒,2,0.00017781992768656275,3.7890949864847734,2.1972245773362196
應天,2,0.0005137020133167368,4.69739834852543,2.1880115088600793
月癸卯,3,0.00031612431588722267,3.015143773509532,2.1873223188492537
己卯,2,0.0007507952502321537,3.7952136582405447,2.1817301463544045
冬十一月,4,0.0003358820856301741,3.768915575885912,2.1808395270586205
秋八月,3,0.00029636654614427125,3.768915575885912,2.1761856615603072
月戊寅,3,0.00043467093434493113,3.1963963831145814,2.1735860561465556
柳升,2,0.00029636654614427125,7.0033223427849896,2.17157089695751
州蠻,2,0.00027660877640131983,3.4401082280979765,2.1682234916146403
副都御史,4,0.00019757769742951415,5.513843745429868,2.1639556568820564
渡江,2,0.00019757769742951415,4.7231606997488695,2.1639556568820564
中原,2,0.00019757769742951415,4.330073648421451,2.1639556568820564
討平之,3,0.00019757769742951415,3.855615668826336,2.1639556568820564
大敗之,3,0.00019757769742951415,3.4698262119491687,2.1639556568820564
戶部,2,0.0005137020133167368,5.049085750953123,2.1592108313130196
元兵,2,0.0003753976251160769,3.280638595729426,2.1545618526134365
被災稅糧,4,0.0003951553948590283,6.360324945910516,2.1513220799212713
班師,2,0.00021733546717246557,5.492678934237825,2.1458417525947544
甲申,2,0.0005334597830596882,3.4739824586548864,2.140089674945963
癸卯,2,0.0006717641712603482,3.6839880231303206,2.1400661634962708
耿炳文,3,0.0002568510066583684,5.83475146550997,2.1383972463477248
千戶,2,0.000237093236915417,5.590216724214442,2.138333059508028
鄧愈,2,0.0004149131646019797,7.489606857634863,2.1332107971934406
乙酉,2,0.000572975322545591,3.6967157595640807,2.1218844379437236
甘肅,2,0.0003358820856301741,7.119827422995881,2.1192809219098505
癸未,2,0.0008890996384328137,3.8424851144002754,2.11165693310965
戊辰,2,0.0006520064015173967,3.7828667387572703,2.1102132003465903
法司,2,0.0004149131646019797,5.324891558863937,2.1069130743124087
百官,2,0.00027660877640131983,3.9605761044628225,2.1065773332321154
夏五月,3,0.00027660877640131983,3.768915575885912,2.1065773332321154
敗之,2,0.0008693418686898623,3.469087761737922,2.102849992604952
參贊軍務,4,0.00021733546717246557,7.0033223427849896,2.0982737395252498
為皇太子,4,0.0002568510066583684,3.618422034374179,2.0981473891350673
月丁酉,3,0.0004149131646019797,3.2025201009651107,2.095409618702327
伏誅,2,0.000237093236915417,6.593037948240876,2.0947290475276494
燕王棣,3,0.000237093236915417,6.08848193748848,2.094729047527649
京師地震,4,0.000237093236915417,5.5849396671135985,2.094729047527649
下獄,2,0.000237093236915417,3.8743078018384884,2.094729047527649
戊申,2,0.0006124908620314939,3.7203463817759364,2.0911183708806997
河南山東,4,0.0003358820856301741,4.810512154959767,2.0844297682153505
方國珍,3,0.00015806215794361133,6.229296683504112,2.0794415416798357
上書,2,0.00015806215794361133,3.749730080959019,2.0794415416798357
參將,2,0.00015806215794361133,3.6137869008706773,2.0794415416798357
分兵,2,0.00015806215794361133,3.062268323167874,2.0794415416798357
月癸未,3,0.00045442870408788255,3.097747302044742,2.0771062236674807
巡撫,2,0.00027660877640131983,5.833786680099871,2.0642580751745085
何福,2,0.00031612431588722267,5.539287252616133,2.0636495704788542
禮部,2,0.0003556398553731255,4.590389192622078,2.0620695413001644
撒馬兒罕,4,0.0003753976251160769,7.3149345420868075,2.0592293789763123
高煦,2,0.0003556398553731255,6.246996260603512,2.056612568756882
甲午,2,0.0009088574081757651,3.958259948244992,2.0491155272972494
庚午,2,0.00043467093434493113,3.3288745897544456,2.044412865633749
土魯番,3,0.00017781992768656275,7.464667909287611,2.0431918705451206
父老,2,0.00017781992768656275,7.047774105355823,2.0431918705451206
楊士奇,3,0.00017781992768656275,6.215743717099408,2.0431918705451206
還應天,3,0.00017781992768656275,4.787485156880486,2.0431918705451206
揚州,2,0.00017781992768656275,4.529751846783325,2.0431918705451206
不得,2,0.00017781992768656275,3.9567316519975075,2.0431918705451206
冬十二月,4,0.00017781992768656275,3.259232156698699,2.0431918705451206
是日,2,0.00017781992768656275,3.136761711433601,2.0431918705451206
壬戌,2,0.0006520064015173967,3.576115692647716,2.0369734145284304
不許,2,0.0004149131646019797,4.7766305381965966,2.036840744526001
沐晟,2,0.0002568510066583684,6.926113592953019,2.0317592185692717
己酉,2,0.0006915219410032995,3.87579932108426,2.0292627471108178
壬子,2,0.0008298263292039594,3.000516612937482,2.0254567781566917
享太廟,3,0.00019757769742951415,6.788912471439534,2.0253262207700677
張士誠,3,0.00019757769742951415,4.9252404206211935,2.0253262207700677
朝鮮,2,0.00019757769742951415,6.321104232757235,2.0253262207700673
榜葛剌,3,0.00019757769742951415,5.809399874312555,2.0253262207700673
至京師,3,0.00019757769742951415,3.9953822797464724,2.0253262207700673
文武,2,0.00019757769742951415,3.682989262250507,2.0253262207700673
月甲午,3,0.0004939442435737853,3.159150004265018,2.0233517742082827
薛祿,2,0.000237093236915417,6.960762728366194,2.022808529414704
還宮,2,0.000237093236915417,4.4620627564458575,2.022808529414703
免畿內,3,0.00021733546717246557,5.341149487890441,2.0198149924929463
子孫,2,0.00021733546717246557,3.071729241162746,2.019814992492946
月庚戌,3,0.0004149131646019797,3.0522378979157727,2.00118276280107
月癸酉,3,0.0004149131646019797,3.379450809124189,1.995743305604318
月丁巳,3,0.00031612431588722267,3.015143773509532,1.9927981441098428
遣御史,3,0.0002568510066583684,3.9650304548122026,1.9915093613566137
丁丑,2,0.0007507952502321537,3.741229225079022,1.9879221020074493
侍郎,2,0.0007903107897180566,6.426464748415061,1.9865330972251471
周王橚,3,0.000237093236915417,6.98893360533289,1.9792045174343245
總兵官,3,0.0007507952502321537,5.224808100306955,1.9759206803388698
帥師討,3,0.00021733546717246557,5.135175363373641,1.9722469794234416
自今,2,0.00021733546717246557,4.6559074868376085,1.9722469794234416
卻之,2,0.00021733546717246557,4.356390956738825,1.9722469794234414
琉球,2,0.001521348270207259,6.4496124819711556,1.9635653338790824
貴州,2,0.0003556398553731255,4.257818131299684,1.9559838465843626
河決,2,0.0003358820856301741,4.845216182044242,1.9504094967322705
是年占城,4,0.00027660877640131983,4.905799908462524,1.9459101490553132
巡視,2,0.00013830438820065991,5.894411301916305,1.945910149055313
居守,2,0.00013830438820065991,5.197174136104835,1.945910149055313
不敢,2,0.00013830438820065991,4.580885961070502,1.945910149055313
渡河,2,0.00013830438820065991,4.283335387477966,1.945910149055313
大破之,3,0.00013830438820065991,3.7708744403712453,1.945910149055313
濟南,2,0.00013830438820065991,3.479522639030502,1.945910149055313
夏六月,3,0.00013830438820065991,3.32977725267116,1.945910149055313
帥師,2,0.000572975322545591,4.788103057854257,1.943630730003368
月壬子,3,0.0004149131646019797,3.0757683953259667,1.9384650060354545
月己酉,3,0.0003556398553731255,3.103939272292663,1.9371061758293182
充總兵官,4,0.0003358820856301741,5.4158633370696645,1.9254081650860664
真臘,2,0.0002568510066583684,6.882200405863092,1.9251211907908186
麓川,2,0.0002568510066583684,7.194377579547699,1.9251211907908183
兵部尚書,4,0.0002568510066583684,3.8254078755478544,1.9251211907908181
部尚書,3,0.0009878884871475707,5.626639239575212,1.9226100985442893
己未,2,0.0006322486317744453,3.5015585274296823,1.9172696149848654
月己卯,3,0.0003556398553731255,3.0217011740556914,1.9080368345090652
皇太孫,3,0.000237093236915417,4.840499192166102,1.9072839993213795
自將,2,0.000237093236915417,3.121310415772883,1.9072839993213795
父母,2,0.00015806215794361133,6.775840389872181,1.9061547465398496
察罕,2,0.00015806215794361133,5.756789924040258,1.9061547465398496
皇帝廟號,4,0.00015806215794361133,5.606217065560883,1.9061547465398496
中書省,3,0.00015806215794361133,5.553849080043567,1.9061547465398496
石亨,2,0.00015806215794361133,5.43663309855605,1.9061547465398496
運糧,2,0.00015806215794361133,5.222491944089125,1.9061547465398496
河間,2,0.00015806215794361133,4.841749974067755,1.9061547465398496
遺詔,2,0.00015806215794361133,4.657917252608016,1.9061547465398496
大名,2,0.00015806215794361133,3.9398298411949044,1.9061547465398496
不能,2,0.00015806215794361133,3.925959993330754,1.9061547465398496
而還,2,0.00015806215794361133,3.7381439172191584,1.9061547465398496
武臣,2,0.00015806215794361133,3.729670165988072,1.9061547465398496
王來朝,3,0.00015806215794361133,3.5374166174494044,1.9061547465398496
乙亥,2,0.0009088574081757651,4.11626419738824,1.894128453399598
王瞻,2,0.00021733546717246557,4.280753542533205,1.893788232391138
延安,2,0.00021733546717246557,5.106004748966542,1.8937882323911377
浡泥,2,0.00017781992768656275,8.018553022514048,1.8891591637540217
侍講,2,0.00017781992768656275,6.1780033891165616,1.8891591637540217
四方,2,0.00017781992768656275,3.910963233541927,1.8891591637540217
寧夏,2,0.00017781992768656275,3.5575611835418717,1.8891591637540217
侍讀,2,0.00017781992768656275,6.4881583174204005,1.8891591637540215
劉江,2,0.00017781992768656275,3.765022857939214,1.8891591637540215
貢馬,2,0.00017781992768656275,3.3891456121619115,1.8891591637540215
徐達克,3,0.00019757769742951415,4.535407058204726,1.8866967846580784
月甲寅,3,0.0002568510066583684,3.075768395325967,1.8848713335781606
不花,2,0.0002568510066583684,4.912243097024944,1.8848713335781604
戊寅,2,0.0007705530199751052,3.9119758918563132,1.8843506631808558
丁酉,2,0.0007310374804892024,3.887694108736409,1.8829457182606606
討平,2,0.0004149131646019797,3.314287621222562,1.8820393286253114
開封,2,0.0003358820856301741,4.958190320281408,1.8688627696075708
明年,2,0.0003358820856301741,3.6245396926469393,1.8546526185598233
駙馬都尉,4,0.00021733546717246557,8.267014381812547,1.8462202193216335
曰「朕,3,0.00021733546717246557,5.221160829083926,1.8462202193216335
功臣,2,0.00021733546717246557,4.813591739246179,1.8462202193216335
建文,2,0.00021733546717246557,4.121772874135029,1.8462202193216335
逋賦,2,0.0003358820856301741,7.053136048497209,1.8438614379613667
大破,2,0.00031612431588722267,3.7537275615610435,1.8346096344580887
護衛,2,0.00019757769742951415,6.335492970209334,1.8343719702816235
太廟,2,0.00043467093434493113,4.230980686636644,1.8315887189462852
振陝西饑,4,0.00017781992768656275,6.035255341387114,1.8310204811135165
中外,2,0.00017781992768656275,4.224713132763625,1.8310204811135165
大學士,3,0.00027660877640131983,4.124752179688916,1.8288411561741993
烏斯藏,3,0.0004149131646019797,7.573867201252602,1.816025311429126
李彬,2,0.00029636654614427125,5.797611918560513,1.7999587982097305
學士,2,0.0006322486317744453,4.862297559627515,1.7988370784172083
甲寅,2,0.0005137020133167368,3.398297199107916,1.7955398890167051
丞相,2,0.000237093236915417,6.3952122049109565,1.7917594692280554
谷王橞,3,0.0001185466184577085,8.038755729831568,1.7917594692280547
作亂,2,0.0001185466184577085,6.230132454551508,1.7917594692280547
戰沒,2,0.0001185466184577085,5.606217065560883,1.7917594692280547
丘福,2,0.0001185466184577085,5.275135677574546,1.7917594692280547
貧民,2,0.0001185466184577085,5.250348898592091,1.7917594692280547
指揮同知,4,0.0001185466184577085,5.225549115531674,1.7917594692280547
諸路,2,0.0001185466184577085,4.721235771339285,1.7917594692280547
六科,2,0.0001185466184577085,4.672163877346888,1.7917594692280547
鎮交阯,3,0.0001185466184577085,4.411426070272371,1.7917594692280547
知縣,2,0.0001185466184577085,4.098561847436725,1.7917594692280547
東昌,2,0.0001185466184577085,3.815653053737602,1.7917594692280547
安慶,2,0.0001185466184577085,3.3547366410932233,1.7917594692280547
饑民,2,0.0001185466184577085,3.3044387495367777,1.7917594692280547
皆下,2,0.0001185466184577085,3.0405786706573537,1.7917594692280547
月戊,2,0.002035050283523996,3.0565370333980795,1.778136842547694
日本,2,0.00027660877640131983,5.515245287355157,1.7721393884375287
山西河南,4,0.00027660877640131983,4.822799615066701,1.7721393884375287
晉王,2,0.00027660877640131983,4.2196347274771595,1.7721393884375287
冬十月戊,4,0.00027660877640131983,3.819848444967705,1.7721393884375285
節制,2,0.00021733546717246557,6.362925727610573,1.7677614722893296
南畿,2,0.00021733546717246557,3.371891974838136,1.7677614722893296
月癸,2,0.0020745658230098985,3.0112298741883956,1.7588604596670214
楊榮,2,0.00019757769742951415,5.494425659572767,1.7480673485460891
分道,2,0.00019757769742951415,4.770506820346068,1.7480673485460891
即皇帝位,4,0.00013830438820065991,7.5361268732697555,1.7478680974667573
別失八里,4,0.00013830438820065991,7.49975922909888,1.7478680974667573
楊璟,2,0.00013830438820065991,6.524045076753925,1.7478680974667573
楊溥,2,0.00013830438820065991,6.406262041097541,1.7478680974667573
即位,2,0.00013830438820065991,6.390994568966753,1.7478680974667573
集慶,2,0.00013830438820065991,6.285634053308927,1.7478680974667573
劉基,2,0.00013830438820065991,6.182093374368087,1.7478680974667573
學校,2,0.00013830438820065991,5.942689302182096,1.7478680974667573
浙江湖廣,4,0.00013830438820065991,5.655007229730315,1.7478680974667573
諭法司,3,0.00013830438820065991,5.639006888383874,1.7478680974667573
皇帝諱,3,0.00013830438820065991,5.606217065560883,1.7478680974667573
河決開封,4,0.00013830438820065991,5.595521776444135,1.7478680974667573
數萬,2,0.00013830438820065991,5.472685672936361,1.7478680974667573
陜西,2,0.00013830438820065991,5.389546028752291,1.7478680974667573
宣宗,2,0.00013830438820065991,4.812328315199406,1.7478680974667573
行在,2,0.00013830438820065991,4.7517036933829715,1.7478680974667573
親征,2,0.00013830438820065991,4.593639114234577,1.7478680974667573
高皇帝,3,0.00013830438820065991,4.5293447635291795,1.7478680974667573
其家,2,0.00013830438820065991,4.380140136950488,1.7478680974667573
大賚,2,0.00013830438820065991,4.332391544467161,1.7478680974667573
洪都,2,0.00013830438820065991,4.1734026888060995,1.7478680974667573
四川,2,0.00013830438820065991,4.065113913369185,1.7478680974667573
大閱,2,0.00013830438820065991,4.064127557872482,1.7478680974667573
順天,2,0.00013830438820065991,3.8159948756517146,1.7478680974667573
元帥,2,0.00013830438820065991,3.782708898018248,1.7478680974667573
兵攻,2,0.00013830438820065991,3.3571915568762143,1.7478680974667573
蘇州,2,0.00013830438820065991,3.080734227190079,1.7478680974667573
甲辰,2,0.0007705530199751052,3.8417072387802036,1.7433320130883587
王通,2,0.0002568510066583684,3.3491953385282613,1.7379834485870502
秋七月戊,4,0.00017781992768656275,3.2277334896393275,1.7351264569629228
免山西,3,0.00017781992768656275,4.159649539416564,1.7351264569629226
齊王榑,3,0.00015806215794361133,6.92999106969944,1.7328679513998633
氏為皇后,4,0.00015806215794361133,6.84297969270981,1.7328679513998633
思機發,3,0.00015806215794361133,6.688829012882552,1.7328679513998633
廖永忠,3,0.00015806215794361133,6.494672998441594,1.7328679513998633
備倭,2,0.00015806215794361133,5.723748116838965,1.7328679513998633
洪武,2,0.00015806215794361133,5.3660155313420965,1.7328679513998633
被災田租,4,0.00015806215794361133,5.09096576569174,1.7328679513998633
備邊,2,0.00015806215794361133,4.994233292108145,1.7328679513998633
發京師,3,0.00015806215794361133,4.563577935171422,1.7328679513998633
是月免,3,0.00015806215794361133,3.6727690398228905,1.7328679513998633
至自,2,0.00015806215794361133,3.294800120699009,1.7328679513998633
夏四月庚,4,0.00015806215794361133,3.133480951393138,1.7328679513998633
諸臣,2,0.00015806215794361133,3.0541187473185065,1.7328679513998633
戊戌,2,0.0006322486317744453,3.7035680391958565,1.7174752589196527
夏四月己,4,0.00029636654614427125,3.6975510896779413,1.71408754118701
都御史,3,0.0005927330922885425,4.337705740097376,1.711410193172145
死罪,2,0.000237093236915417,4.074740694596495,1.6987829895138011
蘇松嘉湖,4,0.00019757769742951415,6.4881583174204005,1.6957425341696346
十二月甲,4,0.00019757769742951415,3.236576460420112,1.6957425341696346
十一月壬,4,0.00029636654614427125,3.717194290907621,1.679204331602707
前鋒,2,0.00017781992768656275,7.248444800817975,1.6769877743224173
瓦剌哈密,4,0.00017781992768656275,5.533646372726047,1.6769877743224173
流民,2,0.00017781992768656275,4.717544368107325,1.6769877743224173
六月乙,3,0.00017781992768656275,3.195694135894711,1.6769877743224173
六月丁,3,0.00017781992768656275,3.143050402409289,1.6769877743224173
秋七月己,4,0.00027660877640131983,3.6050277207807957,1.6731183626432506
舟師,2,0.00021733546717246557,4.645381073850621,1.6726254461503205
燕王,2,0.00043467093434493113,3.143674973037299,1.6726254461503203
三月辛,3,0.0002568510066583684,3.490230653302974,1.6715952780212542
于謙,2,0.00015806215794361133,7.787441301550662,1.6674619334292948
納哈出,3,0.00015806215794361133,6.425244492009831,1.6674619334292948
羣臣,2,0.00015806215794361133,6.104575920561744,1.6674619334292948
硃亮祖,3,0.00015806215794361133,5.7443674040417,1.6674619334292948
入貢二十,4,0.00015806215794361133,4.542712097856127,1.6674619334292948
官吏,2,0.00015806215794361133,3.7111152448312392,1.6674619334292948
守將,2,0.00015806215794361133,3.1494812927395794,1.6674619334292948
處州,2,0.00021733546717246557,5.105115991686887,1.666332585328325
被災,2,0.0009286151779187166,5.733135733142368,1.6653507243166783
六月壬,3,0.00031612431588722267,3.6684041267381895,1.6631355916141728
夏稅,2,0.00019757769742951415,4.091917304718057,1.6434177197931796
二月壬,3,0.0003556398553731255,3.0522179873143727,1.637726762436956
入貢正統,4,0.000237093236915417,5.7821077320245475,1.6326309271543522
十一月乙,4,0.000237093236915417,3.596704893653495,1.6326309271543522
耕耤田,3,0.000237093236915417,5.987776652815493,1.6326309271543518
畿內,2,0.0004149131646019797,6.134518277176823,1.6315374440669277
九月癸,3,0.00027660877640131983,3.5820382025560966,1.6307991045856436
帖木兒,3,0.00045442870408788255,6.4499371046002025,1.6270327303856096
汴梁,2,9.878884871475707e-05,7.740921285915769,1.6094379124341005
農桑,2,9.878884871475707e-05,7.653909908926138,1.6094379124341005
潼關,2,9.878884871475707e-05,7.366227836474358,1.6094379124341005
退保,2,9.878884871475707e-05,6.555297620258029,1.6094379124341005
工部侍郎,4,9.878884871475707e-05,6.4499371046002025,1.6094379124341005
高郵,2,9.878884871475707e-05,6.246996260603512,1.6094379124341005
朱能,2,9.878884871475707e-05,6.111680746185488,1.6094379124341005
暹羅日本,4,9.878884871475707e-05,5.952196720382868,1.6094379124341005
帝不豫,3,9.878884871475707e-05,5.707999759870826,1.6094379124341005
乎」,2,9.878884871475707e-05,5.679828882904129,1.6094379124341005
按察使,3,9.878884871475707e-05,5.59765170270196,1.6094379124341005
送京師,3,9.878884871475707e-05,5.579690311227455,1.6094379124341005
土木,2,9.878884871475707e-05,5.372378225129926,1.6094379124341005
吳杰平安,4,9.878884871475707e-05,5.34716680578343,1.6094379124341005
所過,2,9.878884871475707e-05,5.313707952360787,1.6094379124341005
參議,2,9.878884871475707e-05,5.191476114990197,1.6094379124341005
朝廷,2,9.878884871475707e-05,5.157953422951554,1.6094379124341005
湖廣貴州,4,9.878884871475707e-05,5.105115991686887,1.6094379124341005
爪哇暹羅,4,9.878884871475707e-05,4.980336137353902,1.6094379124341005
都督何福,4,9.878884871475707e-05,4.968332563675988,1.6094379124341005
更定,2,9.878884871475707e-05,4.881321186686358,1.6094379124341005
池州,2,9.878884871475707e-05,4.768643755065674,1.6094379124341005
懿文太子,4,9.878884871475707e-05,4.768178530586477,1.6094379124341005
濟寧,2,9.878884871475707e-05,4.654849845279473,1.6094379124341005
巡撫官,3,9.878884871475707e-05,4.386243919888506,1.6094379124341005
從征,2,9.878884871475707e-05,4.288915575927944,1.6094379124341005
暹羅琉球,4,9.878884871475707e-05,4.247448628144443,1.6094379124341005
九月癸未,4,9.878884871475707e-05,4.157402347459659,1.6094379124341005
遣使來,3,9.878884871475707e-05,4.1473520116061575,1.6094379124341005
六月壬午,4,9.878884871475707e-05,4.040292939312749,1.6094379124341005
曰「今,3,9.878884871475707e-05,3.9748703750941754,1.6094379124341005
張玉,2,9.878884871475707e-05,3.9587999050615665,1.6094379124341005
者罪之,3,9.878884871475707e-05,3.904405832995768,1.6094379124341005
三月戊寅,4,9.878884871475707e-05,3.840970861721892,1.6094379124341005
興和,2,9.878884871475707e-05,3.8128459924384868,1.6094379124341005
罪囚,2,9.878884871475707e-05,3.797928294381618,1.6094379124341005
召還,2,9.878884871475707e-05,3.565974731889222,1.6094379124341005
浙東,2,9.878884871475707e-05,3.5097175409764705,1.6094379124341005
還北平,3,9.878884871475707e-05,3.3469211658265374,1.6094379124341005
還京師,3,9.878884871475707e-05,3.253102410608882,1.6094379124341005
郎中,2,9.878884871475707e-05,3.2120432738962403,1.6094379124341005
除之,2,9.878884871475707e-05,3.2112586524358226,1.6094379124341005
州水災,3,9.878884871475707e-05,3.1592058426315743,1.6094379124341005
戶部尚書,4,0.00019757769742951415,5.0793911004484515,1.6094379124341003
分遣,2,0.00019757769742951415,3.895038082992168,1.6094379124341003
倭寇,2,0.00019757769742951415,5.71157758121871,1.6094379124341
五月丁,3,0.00021733546717246557,3.297201082236547,1.5941666991180168
丑振,2,0.00021733546717246557,3.2655115712795646,1.5941666991180168
朝賀,2,0.000237093236915417,5.438715052558761,1.5832584594204766
入貢者再,4,0.00017781992768656275,5.801525817881649,1.5810937501718236
二月丁,3,0.0003358820856301741,3.045069994049085,1.5792331346113389
秋七月癸,4,0.00027660877640131983,3.6050277207807957,1.5740973368489728
三月戊,3,0.00027660877640131983,3.32690374403173,1.569152946203119
副將軍,3,0.00027660877640131983,4.869486729039354,1.5691529462031188
蘇松,2,0.0004149131646019797,6.192622196741078,1.5648538428609966
陣亡,2,0.0001185466184577085,7.573867201252603,1.5607104090414063
本雅失裏,4,0.0001185466184577085,7.047774105355823,1.5607104090414063
蔣貴,2,0.0001185466184577085,6.806612048538935,1.5607104090414063
吳傑,2,0.0001185466184577085,6.252111361270283,1.5607104090414063
馬哈木,3,0.0001185466184577085,6.104575920561744,1.5607104090414063
今年田租,4,0.0001185466184577085,5.945381093847807,1.5607104090414063
徐凱,2,0.0001185466184577085,5.941614611052331,1.5607104090414063
臨清,2,0.0001185466184577085,5.8784868590177775,1.5607104090414063
阿資,2,0.0001185466184577085,5.773597042356639,1.5607104090414063
僉都御史,4,0.0001185466184577085,5.639006888383874,1.5607104090414063
燕兵陷,3,0.0001185466184577085,5.61884121878928,1.5607104090414063
入貢景泰,4,0.0001185466184577085,5.581437036562396,1.5607104090414063
謝罪,2,0.0001185466184577085,5.452066385733625,1.5607104090414063
殊死以下,4,0.0001185466184577085,5.35969306560261,1.5607104090414063
鎮甘肅,3,0.0001185466184577085,5.21579888594254,1.5607104090414063
如天壽山,4,0.0001185466184577085,5.179474559005434,1.5607104090414063
帥師巡,3,0.0001185466184577085,5.145553514342355,1.5607104090414063
來援,2,0.0001185466184577085,5.106202357899108,1.5607104090414063
國子監,3,0.0001185466184577085,4.974030584790625,1.5607104090414063
常遇春克,4,0.0001185466184577085,4.971177515808218,1.5607104090414063
顧成,2,0.0001185466184577085,4.938939264979355,1.5607104090414063
」又,2,0.0001185466184577085,4.850549528019604,1.5607104090414063
占城暹羅,4,0.0001185466184577085,4.662701742618769,1.5607104090414063
安南占城,4,0.0001185466184577085,4.469798076494278,1.5607104090414063
琉球暹羅,4,0.0001185466184577085,4.429770184938397,1.5607104090414063
功封,2,0.0001185466184577085,4.402244261234947,1.5607104090414063
安豐,2,0.0001185466184577085,4.366337552771704,1.5607104090414063
自殺,2,0.0001185466184577085,4.157402347459659,1.5607104090414063
」乃,2,0.0001185466184577085,4.070390970470029,1.5607104090414063
蠻平之,3,0.0001185466184577085,3.904405832995768,1.5607104090414063
不可,2,0.0001185466184577085,3.838948616341124,1.5607104090414063
西番,2,0.0001185466184577085,3.814009667993872,1.5607104090414063
命皇太子,4,0.0001185466184577085,3.7990453173379413,1.5607104090414063
饑免,2,0.0001185466184577085,3.636401395652016,1.5607104090414063
大雨,2,0.0001185466184577085,3.5651363917534935,1.5607104090414063
萬人,2,0.0001185466184577085,3.466150902064612,1.5607104090414063
數十,2,0.0001185466184577085,3.379561288050446,1.5607104090414063
皆不,2,0.0001185466184577085,3.023911618172142,1.5607104090414063
永樂,2,0.00015806215794361133,5.721483110208113,1.559581156259877
冬十月丙,4,0.00015806215794361133,3.2843302086113426,1.559581156259877
夏四月丙,4,0.00015806215794361133,3.157578502972199,1.559581156259877
十二月庚,4,0.00015806215794361133,3.1216464937461352,1.559581156259877
九月丙,3,0.00015806215794361133,3.111058487337306,1.559581156259877
瓦剌寇,3,0.00019757769742951415,4.913069885000938,1.5571130980576458
部侍郎,3,0.0004149131646019797,5.28976692293266,1.555265503074954
今年,2,0.00029636654614427125,3.734690636627398,1.5519014979437442
弒其主,3,0.00013830438820065991,7.49975922909888,1.5498260458782016
居庸關,3,0.00013830438820065991,7.009552892535625,1.5498260458782016
明昇,2,0.00013830438820065991,6.57129796160447,1.5498260458782016
被災秋糧,4,0.00013830438820065991,6.288668957004081,1.5498260458782016
吏部尚書,4,0.00013830438820065991,5.081661248982991,1.5498260458782016
郕王,2,0.00013830438820065991,4.71607161379105,1.5498260458782016
旱災,2,0.00013830438820065991,4.6761961408748265,1.5498260458782016
率師,2,0.00013830438820065991,4.347546629934822,1.5498260458782016
去年,2,0.00013830438820065991,3.6454950578229273,1.5498260458782016
三萬,2,0.00013830438820065991,3.141351166656329,1.5498260458782016
十二月癸,4,0.00021733546717246557,3.3755617037270986,1.5465986860485126
八月乙,3,0.00021733546717246557,3.3053930531511355,1.5465986860485124
八月甲,3,0.00021733546717246557,3.252749319665713,1.5465986860485124
九月壬,3,0.00021733546717246557,3.247190661661886,1.5465986860485124
周德興,3,0.00021733546717246557,6.4375145846016455,1.5403058252265167
王允,2,0.00017781992768656275,3.917563917573279,1.5229550675313184
水災田租,4,0.00017781992768656275,5.503548341568768,1.5229550675313182
冬十月丁,4,0.000237093236915417,3.5574841805002135,1.5171063970610277
五月己,3,0.000237093236915417,3.4278875227288386,1.5171063970610277
三月癸,3,0.00021733546717246557,3.0665103252869543,1.515707952085713
軍務,2,0.0003951553948590283,4.364265013169731,1.5120980302146707
蠻叛,2,0.00019757769742951415,4.752946295158241,1.5047882836811908
夏原吉,3,0.00019757769742951415,5.81468390245916,1.4978661367769952
方政,2,0.00019757769742951415,4.709470929759698,1.4978661367769952
指揮使,3,0.00019757769742951415,3.974029155275903,1.4978661367769952
楊文,2,0.00019757769742951415,3.962949288608378,1.4978661367769952
高燧,2,0.00015806215794361133,6.246996260603512,1.4941751382893085
孝陵,2,0.00015806215794361133,5.508953760135676,1.4941751382893085
大理少卿,4,0.00015806215794361133,4.951430752873384,1.4941751382893085
復三年,3,0.00015806215794361133,4.573338755435119,1.4941751382893085
大赦天下,4,0.00015806215794361133,4.465922937091683,1.4941751382893085
總督,2,0.00015806215794361133,3.7700934953881737,1.4941751382893085
振河南,3,0.00015806215794361133,3.7091978922079267,1.4941751382893085
立皇,2,0.00015806215794361133,3.6252155966943,1.4941751382893085
秋七月庚,4,0.00015806215794361133,3.109950453982944,1.4941751382893085
錦衣衛,3,0.00015806215794361133,6.374713683362615,1.4941751382893083
刑部,2,0.00027660877640131983,4.935595109212046,1.475076311054695
沙灣,2,0.00013830438820065991,7.653909908926139,1.4750763110546947
求直言,3,0.00013830438820065991,7.0033223427849896,1.4750763110546947
翰林學士,4,0.00013830438820065991,5.5236960418728795,1.4750763110546947
被執,2,0.00013830438820065991,5.351324815932093,1.4750763110546947
都察院,3,0.00013830438820065991,5.318534993109102,1.4750763110546947
陳懷,2,0.00013830438820065991,5.226161672978087,1.4750763110546947
副總兵,3,0.00013830438820065991,4.729724786664196,1.4750763110546947
陳氏,2,0.00013830438820065991,4.564763190732722,1.4750763110546947
免陝西,3,0.00013830438820065991,4.296100642144421,1.4750763110546947
暹羅入貢,4,0.00013830438820065991,4.283335387477966,1.4750763110546947
三千,2,0.00013830438820065991,3.6849666132453107,1.4750763110546947
免山東,3,0.00013830438820065991,3.5898813800171228,1.4750763110546947
十余,2,0.00013830438820065991,3.5762715822965,1.4750763110546947
都御史王,4,0.00013830438820065991,3.2607843811842083,1.4750763110546947
敗之於,3,0.00013830438820065991,3.0275375152874444,1.4750763110546947
山東山西,4,0.000237093236915417,4.947713276473252,1.4735023850806486
蠻平,2,0.000237093236915417,3.17799455879531,1.4735023850806486
伯陳,2,0.00029636654614427125,4.294982328610182,1.4368286689630319
遠侯,2,0.0003951553948590283,5.0265276108913834,1.4305622903362423
兩京,2,0.00017781992768656275,4.414868414463344,1.4270610433807247
吳高,2,0.00017781992768656275,4.269833568044095,1.4270610433807247
三月庚,3,0.00017781992768656275,3.113080732718074,1.4270610433807247
占城琉球,4,0.00017781992768656275,4.574509030583309,1.4270610433807245
兩畿,2,0.00021733546717246557,5.970742883975355,1.4205719259467045
修省,2,0.00021733546717246557,5.734317068188199,1.4205719259467045
景泰,2,0.00021733546717246557,5.54737656553795,1.4205719259467045
午朔,2,0.00019757769742951415,3.639029518058285,1.4184836619456564
八月己,3,0.00019757769742951415,3.20111420336405,1.4184836619456564
阿魯,2,0.0006717641712603482,6.186442257762426,1.401280014059949
為征,2,0.0008100685594610081,3.960568877750001,1.3940272983480708
五月壬,3,0.00021733546717246557,3.247190661661886,1.3896811919839047
誹謗,2,7.903107897180567e-05,9.222525826839984,1.3862943611198906
採辦,2,7.903107897180567e-05,8.123913538171875,1.3862943611198906
秦王樉,3,7.903107897180567e-05,8.123913538171875,1.3862943611198906
坐事誅,3,7.903107897180567e-05,7.366227836474358,1.3862943611198906
修撰,2,7.903107897180567e-05,7.143084285160148,1.3862943611198906
紫荊關,3,7.903107897180567e-05,7.143084285160148,1.3862943611198906
潘忠楊松,4,7.903107897180567e-05,7.118391672569777,1.3862943611198906
瞿能,2,7.903107897180567e-05,7.112312626493394,1.3862943611198906
胡,2,7.903107897180567e-05,7.070763623580522,1.3862943611198906
胡廷瑞,3,7.903107897180567e-05,7.070763623580522,1.3862943611198906
斬首,2,7.903107897180567e-05,6.802157698189555,1.3862943611198906
杭嘉湖,3,7.903107897180567e-05,6.4881583174204005,1.3862943611198906
行省平章,4,7.903107897180567e-05,6.389312482783768,1.3862943611198906
劉福通,3,7.903107897180567e-05,6.315624766992609,1.3862943611198906
採石,2,7.903107897180567e-05,6.154472891706367,1.3862943611198906
寧王權,3,7.903107897180567e-05,6.154472891706367,1.3862943611198906
引去,2,7.903107897180567e-05,6.003650001971783,1.3862943611198906
彭亨,2,7.903107897180567e-05,5.93973667622813,1.3862943611198906
百姓,2,7.903107897180567e-05,5.926688960835655,1.3862943611198906
元嗣君,3,0.00015806215794361133,5.877898796666223,1.3862943611198906
浙江福建,4,7.903107897180567e-05,5.839831916742389,1.3862943611198906
古裏,2,0.00015806215794361133,5.83137878103133,1.3862943611198906
人材,2,7.903107897180567e-05,5.801525817881649,1.3862943611198906
江西浙江,4,7.903107897180567e-05,5.6487766799796795,1.3862943611198906
內外,2,0.00015806215794361133,5.5348971546277,1.3862943611198906
始設,2,7.903107897180567e-05,5.484856208556616,1.3862943611198906
提督,2,7.903107897180567e-05,5.396060709773485,1.3862943611198906
贖罪,2,7.903107897180567e-05,5.383073514246673,1.3862943611198906
簡定,2,7.903107897180567e-05,5.351324815932093,1.3862943611198906
陳暉平安,4,7.903107897180567e-05,5.34716680578343,1.3862943611198906
經理,2,7.903107897180567e-05,5.302534651762661,1.3862943611198906
章奏,2,7.903107897180567e-05,5.213376110681115,1.3862943611198906
獻陵,2,7.903107897180567e-05,5.208849167685338,1.3862943611198906
奸臣,2,7.903107897180567e-05,5.188285188687589,1.3862943611198906
分道討,3,7.903107897180567e-05,5.188285188687589,1.3862943611198906
太平甯國,4,7.903107897180567e-05,5.182989501112878,1.3862943611198906
荒田,2,7.903107897180567e-05,5.176846436599164,1.3862943611198906
遣使祭,3,7.903107897180567e-05,5.170740879036679,1.3862943611198906
曰「此,3,7.903107897180567e-05,5.158640472102592,1.3862943611198906
詔廷臣,3,7.903107897180567e-05,5.1543541389219065,1.3862943611198906
群臣請,3,7.903107897180567e-05,5.128181264617884,1.3862943611198906
遇伏,2,7.903107897180567e-05,5.110013960662434,1.3862943611198906
在外,2,7.903107897180567e-05,5.108378637321704,1.3862943611198906
鄚州,2,7.903107897180567e-05,5.105115991686887,1.3862943611198906
蘇祿,2,7.903107897180567e-05,5.069912356493908,1.3862943611198906
祖訓,2,7.903107897180567e-05,5.051220223481756,1.3862943611198906
戶部侍郎,4,7.903107897180567e-05,5.030600936279019,1.3862943611198906
大理卿,3,7.903107897180567e-05,4.951430752873384,1.3862943611198906
毋得,2,7.903107897180567e-05,4.80609776544877,1.3862943611198906
鄧愈克,3,7.903107897180567e-05,4.779286507998114,1.3862943611198906
徽州,2,7.903107897180567e-05,4.699650883578723,1.3862943611198906
泗州,2,7.903107897180567e-05,4.699650883578723,1.3862943611198906
水災稅糧,4,7.903107897180567e-05,4.681894161989464,1.3862943611198906
指揮僉事,4,7.903107897180567e-05,4.659741357348331,1.3862943611198906
敗燕兵於,4,7.903107897180567e-05,4.642673448836183,1.3862943611198906
宋忠,2,7.903107897180567e-05,4.564763190732722,1.3862943611198906
獲其,2,7.903107897180567e-05,4.548762849386281,1.3862943611198906
蠲租,2,7.903107897180567e-05,4.547829578203283,1.3862943611198906
振恤,2,7.903107897180567e-05,4.435867764806516,1.3862943611198906
皇太后命,4,7.903107897180567e-05,4.4152314567617585,1.3862943611198906
擊走之,3,7.903107897180567e-05,4.374409462241504,1.3862943611198906
大都督府,4,7.903107897180567e-05,4.258283572313439,1.3862943611198906
免江西,3,7.903107897180567e-05,4.2385767980062345,1.3862943611198906
八月戊戌,4,7.903107897180567e-05,4.230733620545208,1.3862943611198906
八月己酉,4,7.903107897180567e-05,4.141121461855521,1.3862943611198906
鎮撫,2,7.903107897180567e-05,4.117186597274431,1.3862943611198906
五月己卯,4,7.903107897180567e-05,4.103335126189383,1.3862943611198906
杭州,2,7.903107897180567e-05,4.093515080008408,1.3862943611198906
詔諸王,3,7.903107897180567e-05,4.055741850253797,1.3862943611198906
南京地震,4,7.903107897180567e-05,4.054886783934063,1.3862943611198906
三月辛巳,4,7.903107897180567e-05,4.016323749199754,1.3862943611198906
九月庚寅,4,7.903107897180567e-05,3.979721170222206,1.3862943611198906
爪哇入貢,4,7.903107897180567e-05,3.962949288608378,1.3862943611198906
起復,2,7.903107897180567e-05,3.9624296731121453,1.3862943611198906
三月庚子,4,7.903107897180567e-05,3.9572483143701476,1.3862943611198906
鎮大同,3,7.903107897180567e-05,3.954667667776656,1.3862943611198906
所殺,2,7.903107897180567e-05,3.9454320967435743,1.3862943611198906
田賦,2,7.903107897180567e-05,3.940083809450238,1.3862943611198906
國號,2,7.903107897180567e-05,3.9179779105413113,1.3862943611198906
發北京,3,7.903107897180567e-05,3.9007361041068056,1.3862943611198906
臨江,2,7.903107897180567e-05,3.8460906810279956,1.3862943611198906
八月癸丑,4,7.903107897180567e-05,3.7646438906206092,1.3862943611198906
五月壬子,4,7.903107897180567e-05,3.7565776189079965,1.3862943611198906
陳友諒,3,7.903107897180567e-05,3.7502551531685095,1.3862943611198906
郊廟,2,7.903107897180567e-05,3.7443900337161113,1.3862943611198906
入貢暹羅,4,7.903107897180567e-05,3.723719599542544,1.3862943611198906
衛指揮,3,7.903107897180567e-05,3.7214717187554003,1.3862943611198906
崩於,2,7.903107897180567e-05,3.6871620038087465,1.3862943611198906
國家,2,7.903107897180567e-05,3.6861762964839873,1.3862943611198906
不受,2,7.903107897180567e-05,3.6847979365138657,1.3862943611198906
討思,2,7.903107897180567e-05,3.684207791911315,1.3862943611198906
二月乙巳,4,7.903107897180567e-05,3.652274744808306,1.3862943611198906
癸亥詔,3,7.903107897180567e-05,3.6345283851774934,1.3862943611198906
守令,2,7.903107897180567e-05,3.6259574364909324,1.3862943611198906
慶元,2,7.903107897180567e-05,3.597786559524236,1.3862943611198906
罕東,2,7.903107897180567e-05,3.5820382025560966,1.3862943611198906
三月癸未,4,7.903107897180567e-05,3.5733755478368483,1.3862943611198906
始命,2,7.903107897180567e-05,3.567933596374555,1.3862943611198906
二月丁巳,4,7.903107897180567e-05,3.5271116018543,1.3862943611198906
三月戊子,4,7.903107897180567e-05,3.5154155620911083,1.3862943611198906
賢士,2,7.903107897180567e-05,3.508793021330615,1.3862943611198906
之意,2,7.903107897180567e-05,3.4989407248876034,1.3862943611198906
自立,2,7.903107897180567e-05,3.4756838627233364,1.3862943611198906
樂安,2,7.903107897180567e-05,3.475364628881838,1.3862943611198906
詔有司,3,7.903107897180567e-05,3.4626781282508343,1.3862943611198906
二月辛丑,4,7.903107897180567e-05,3.4425542138262366,1.3862943611198906
鎮守,2,7.903107897180567e-05,3.3950518798412332,1.3862943611198906
六月壬子,4,7.903107897180567e-05,3.381884169466586,1.3862943611198906
撫安,2,7.903107897180567e-05,3.2071006422871586,1.3862943611198906
其後,2,7.903107897180567e-05,3.1988361324372656,1.3862943611198906
詔舉,2,7.903107897180567e-05,3.188241282549074,1.3862943611198906
安置,2,7.903107897180567e-05,3.1781131054139067,1.3862943611198906
八百,2,7.903107897180567e-05,3.161068907911967,1.3862943611198906
有功,2,7.903107897180567e-05,3.1494812927395794,1.3862943611198906
酉次,2,7.903107897180567e-05,3.1480997590176547,1.3862943611198906
官制,2,7.903107897180567e-05,3.1132782440756186,1.3862943611198906
敗績於,3,7.903107897180567e-05,3.0332355364020827,1.3862943611198906
起兵,2,7.903107897180567e-05,3.0034278231449405,1.3862943611198906
二月庚,3,0.00029636654614427125,3.028120435735312,1.3792922544726758
十一月戊,4,0.00017781992768656275,3.364592672356525,1.3689223607402192
是年琉球,4,0.00043467093434493113,5.124853474525209,1.3625664136253977
有差,2,0.0007507952502321537,5.400773091346074,1.360209285780356
者罪,2,0.00019757769742951415,3.354925266954388,1.3592367006650063
二月乙,3,0.0003556398553731255,3.154872141374456,1.3548850530060133
侯陳,2,0.00031612431588722267,3.7378326331699525,1.3535913521346064
平章,2,0.000237093236915417,4.114763822013006,1.3522093992338284
社稷,2,0.00013830438820065991,7.9987503952178685,1.351783994289646
子錄囚,3,0.00013830438820065991,3.1031707669975654,1.351783994289646
冬十月甲,4,0.00013830438820065991,3.0184876797675266,1.351783994289646
吏部,2,0.000237093236915417,4.634840955192912,1.349792396172401
擴廓,2,0.0003556398553731255,7.733374080280386,1.347974960012722
康茂才,3,9.878884871475707e-05,7.653909908926139,1.3321790402101223
回回,2,9.878884871475707e-05,7.471588352132184,1.3321790402101223
遺骸,2,9.878884871475707e-05,7.1086828584428154,1.3321790402101223
思任發,3,9.878884871475707e-05,6.688829012882552,1.3321790402101223
思倫發,3,9.878884871475707e-05,6.688829012882552,1.3321790402101223
羅汝敬,3,9.878884871475707e-05,6.612456034097978,1.3321790402101223
處州賊,3,9.878884871475707e-05,6.43258846626559,1.3321790402101223
靖難,2,9.878884871475707e-05,6.336608419293199,1.3321790402101223
御史大夫,4,9.878884871475707e-05,6.2676155478062485,1.3321790402101223
野先,2,9.878884871475707e-05,6.232811625611556,1.3321790402101223
鄧愈湯和,4,9.878884871475707e-05,6.064674703809558,1.3321790402101223
阿丹,2,9.878884871475707e-05,6.0612791148084195,1.3321790402101223
叛降燕,3,9.878884871475707e-05,5.986203088368063,1.3321790402101223
力戰死,3,9.878884871475707e-05,5.736987296744077,1.3321790402101223
方瑛,2,9.878884871475707e-05,5.625761661633853,1.3321790402101223
殿大學士,4,9.878884871475707e-05,5.5236960418728795,1.3321790402101223
然後,2,9.878884871475707e-05,5.407895167420487,1.3321790402101223
分行天下,4,9.878884871475707e-05,5.35969306560261,1.3321790402101223
災傷,2,9.878884871475707e-05,5.343026013117398,1.3321790402101223
都督方政,4,9.878884871475707e-05,5.318534993109102,1.3321790402101223
真臘入貢,4,9.878884871475707e-05,5.2320613951052755,1.3321790402101223
百餘人,3,9.878884871475707e-05,5.21373915297953,1.3321790402101223
錫蘭山,3,9.878884871475707e-05,5.179474559005434,1.3321790402101223
元平章,3,9.878884871475707e-05,5.120213094968706,1.3321790402101223
畿內山東,4,9.878884871475707e-05,5.0530737921310775,1.3321790402101223
鄭和還,3,9.878884871475707e-05,4.972888380211848,1.3321790402101223
富民,2,9.878884871475707e-05,4.96266682614031,1.3321790402101223
留守,2,9.878884871475707e-05,4.934809871637344,1.3321790402101223
宮殿,2,9.878884871475707e-05,4.906638994670647,1.3321790402101223
敗元兵於,4,9.878884871475707e-05,4.865817000150392,1.3321790402101223
忠領,2,9.878884871475707e-05,4.8545981165456045,1.3321790402101223
琉球山南,4,9.878884871475707e-05,4.6834954433564375,1.3321790402101223
十五萬,3,9.878884871475707e-05,4.583534092376382,1.3321790402101223
不急,2,9.878884871475707e-05,4.554568652753128,1.3321790402101223
獵於,2,9.878884871475707e-05,4.5293447635291795,1.3321790402101223
為翰林院,4,9.878884871475707e-05,4.377709017438669,1.3321790402101223
追至,2,9.878884871475707e-05,4.328873888229547,1.3321790402101223
占城安南,4,9.878884871475707e-05,4.2874765197003235,1.3321790402101223
官屬,2,9.878884871475707e-05,4.252712527263983,1.3321790402101223
王佐,2,9.878884871475707e-05,4.246067984545315,1.3321790402101223
租稅,2,9.878884871475707e-05,4.21135734158207,1.3321790402101223
無所,2,9.878884871475707e-05,4.191565166282483,1.3321790402101223
吾民,2,9.878884871475707e-05,4.17420946577604,1.3321790402101223
恤民,2,9.878884871475707e-05,4.17420946577604,1.3321790402101223
八月庚戌,4,9.878884871475707e-05,4.158412958965582,1.3321790402101223
不聽,2,9.878884871475707e-05,4.119250581495282,1.3321790402101223
指揮劉,3,9.878884871475707e-05,4.067847910493558,1.3321790402101223
琉球安南,4,9.878884871475707e-05,4.054544962019951,1.3321790402101223
五月甲午,4,9.878884871475707e-05,4.052041831801833,1.3321790402101223
三十五,3,9.878884871475707e-05,3.9875743359137674,1.3321790402101223
胡廣,2,9.878884871475707e-05,3.952813717302282,1.3321790402101223
宣德,2,9.878884871475707e-05,3.925208960625531,1.3321790402101223
吉安,2,9.878884871475707e-05,3.912082280494107,1.3321790402101223
諸郡,2,9.878884871475707e-05,3.8775157322999654,1.3321790402101223
子弟,2,9.878884871475707e-05,3.81266708555904,1.3321790402101223
言事,2,9.878884871475707e-05,3.7001053694830377,1.3321790402101223
蠻是年,3,9.878884871475707e-05,3.682989262250507,1.3321790402101223
左都督,3,9.878884871475707e-05,3.6804782753693495,1.3321790402101223
癸丑免,3,9.878884871475707e-05,3.6653889325252678,1.3321790402101223
民無,2,9.878884871475707e-05,3.504051803440793,1.3321790402101223
兵圍,2,9.878884871475707e-05,3.4860825699442346,1.3321790402101223
二月乙未,4,9.878884871475707e-05,3.469953188014351,1.3321790402101223
論平,2,9.878884871475707e-05,3.428537084297634,1.3321790402101223
東宮,2,9.878884871475707e-05,3.399716645762142,1.3321790402101223
靖州,2,9.878884871475707e-05,3.3823493939457836,1.3321790402101223
徐達還,3,9.878884871475707e-05,3.253102410608882,1.3321790402101223
復戰,2,9.878884871475707e-05,3.2083217927625127,1.3321790402101223
等皆,2,9.878884871475707e-05,3.188864231032214,1.3321790402101223
來貢,2,9.878884871475707e-05,3.146720131298251,1.3321790402101223
政事,2,9.878884871475707e-05,3.146720131298251,1.3321790402101223
胡惟庸,3,0.0001185466184577085,6.919940733845938,1.3296613488547582
刑部尚書,4,0.0001185466184577085,5.074114043347608,1.3296613488547582
張信,2,0.0001185466184577085,4.974030584790626,1.3296613488547582
守備,2,0.0001185466184577085,4.483407668342154,1.3296613488547582
遠伯,2,0.0001185466184577085,4.444243023143248,1.3296613488547582
尊皇,2,0.0001185466184577085,4.402244261234947,1.3296613488547582
引兵,2,0.0001185466184577085,3.9685087191885273,1.3296613488547582
臣修省,3,0.0001185466184577085,5.4984401169914285,1.329661348854758
三佛齊,3,0.0001185466184577085,5.322575402646107,1.329661348854758
召徐達,3,0.0001185466184577085,4.527210291000547,1.329661348854758
」遂,2,0.0001185466184577085,4.091444379667862,1.329661348854758
至北京,3,0.0001185466184577085,3.5148620054758104,1.329661348854758
巳賜,2,0.0001185466184577085,3.1905593364226723,1.329661348854758
太子,2,0.0014028016517495506,3.381884169466586,1.3284478902708647
尚書,2,0.0013435283425206964,5.863478936137916,1.3226335194036483
十二月丁,4,0.00015806215794361133,3.0134329091059024,1.320888343149322
定侯,2,0.00019757769742951415,3.2594607542537,1.313834033192747
僉事,2,0.0005334597830596882,5.6316267810862515,1.3065848551363575
翰林院,3,0.00017781992768656275,7.0033223427849896,1.3030924037617193
奉天殿,3,0.00017781992768656275,6.532413326424441,1.3030924037617193
暹羅占城,4,0.00017781992768656275,5.068166850726934,1.3030924037617193
十七年,3,0.00017781992768656275,4.12986688245034,1.3030924037617193
是年暹羅,4,0.00017781992768656275,4.724693418646738,1.303092403761719
侯吳,2,0.00021733546717246557,3.967875406944434,1.2882523050229002
陳懋,2,0.0002568510066583684,5.978732274008833,1.2852930241200995
赦天下,3,0.0002568510066583684,5.216592221961936,1.2852930241200995
大赦,2,0.0002568510066583684,3.9900195857187595,1.2852930241200995
二月癸,3,0.0003358820856301741,3.0887450575517468,1.2816340498925647
十以上,3,0.00019757769742951415,4.503491384702846,1.2798542258336676
覆奏,2,0.00013830438820065991,6.575338371141475,1.277034259466139
鎮遼東,3,0.00013830438820065991,4.835867079839541,1.277034259466139
巡邊,2,0.00013830438820065991,4.641648333420937,1.277034259466139
宗廟,2,0.00013830438820065991,4.575939537135175,1.277034259466139
武定,2,0.00013830438820065991,3.536034849293844,1.277034259466139
邊將,2,0.00013830438820065991,3.2390934514292664,1.277034259466139
十一月辛,4,0.00013830438820065991,3.1180515228282766,1.277034259466139
十一月癸,4,0.00013830438820065991,3.0487397229380475,1.277034259466139
十一月甲,4,0.00017781992768656275,3.256379087716292,1.2730283365896258
巳免,2,0.00017781992768656275,3.0145172351135607,1.2730283365896258
酉朔,2,0.00017781992768656275,3.6808266467367465,1.2730283365896256
九月庚,3,0.00017781992768656275,3.204743971414629,1.2730283365896256
癸酉,2,0.0006124908620314939,3.7544384640799926,1.2652514606723655
入貢者,3,0.0003358820856301741,3.773762112028442,1.2622431674900145
通政,2,0.00015806215794361133,4.597553013555713,1.2554823251787537
九月戊,3,0.00015806215794361133,3.0869609357582455,1.2554823251787535
楚王楨,3,0.0001185466184577085,8.279917786648456,1.2424533248940002
晉王,3,0.0001185466184577085,7.696469523344935,1.242453324894
逮治,2,0.0001185466184577085,6.893623425528565,1.242453324894
胡大海,3,0.0001185466184577085,6.527898646069914,1.242453324894
海牙,2,0.0001185466184577085,6.240216573618134,1.242453324894
哈烈,2,0.0001185466184577085,6.163818754124605,1.242453324894
考察,2,0.0001185466184577085,5.990404775221763,1.242453324894
徐壽輝,3,0.0001185466184577085,5.787463931225072,1.242453324894
奉天門,3,0.0001185466184577085,5.696165302223823,1.242453324894
郭英,2,0.0001185466184577085,5.68738047266809,1.242453324894
五開蠻,3,0.0001185466184577085,5.661479744235932,1.242453324894
南渤利,3,0.0001185466184577085,4.865817000150392,1.242453324894
府州縣,3,0.0001185466184577085,4.80609776544877,1.242453324894
贊曰,2,0.0001185466184577085,4.752793611746997,1.242453324894
詔求,2,0.0001185466184577085,4.733140673845603,1.242453324894
子也母,3,0.0001185466184577085,4.614027850759218,1.242453324894
追敗,2,0.0001185466184577085,4.5330144924181415,1.242453324894
林兒,2,0.0001185466184577085,4.50402695554489,1.242453324894
敗走,2,0.0001185466184577085,4.155720261276674,1.242453324894
河南饑,3,0.0001185466184577085,3.969728975593757,1.242453324894
兵部侍郎,4,0.0001185466184577085,3.9197185550190956,1.242453324894
沐春,2,0.0001185466184577085,3.910963233541927,1.242453324894
衛所,2,0.0001185466184577085,3.9009803341727403,1.242453324894
黃河,2,0.0001185466184577085,3.776363333027966,1.242453324894
進封,2,0.0001185466184577085,3.6966745606764446,1.242453324894
是月振,3,0.0001185466184577085,3.537926171600557,1.242453324894
諸衛,2,0.0001185466184577085,3.259717988981807,1.242453324894
戌朔,2,0.0001185466184577085,3.1282038942922945,1.242453324894
正統,2,0.0003556398553731255,5.547069393058188,1.2337673247041645
甯侯,2,0.00019757769742951415,4.6129652925506,1.2275294114572126
士奇,2,0.00027660877640131983,5.027259155558989,1.2265558156134033
秋糧,2,0.00027660877640131983,4.310291197466495,1.2265558156134033
左右,2,0.0003556398553731255,5.6729084400595555,1.2260760503661696
五月甲,3,0.00019757769742951415,3.2018909024322224,1.2206072645530175
丑免,2,0.00019757769742951415,3.017362187245792,1.2206072645530173
國珍,2,0.00027660877640131983,5.261712657242406,1.2153881010836147
其眾,2,0.00017781992768656275,4.7798745703496675,1.2148896539491205
臣請,2,0.00017781992768656275,4.389777492469817,1.2148896539491203
十二月壬,4,0.00017781992768656275,3.0812055241876246,1.2148896539491203
刑獄,2,0.00015806215794361133,5.303527207675413,1.2130075659799042
大理,2,0.0003358820856301741,4.2011251584734906,1.202278801562227
工部,2,0.00019757769742951415,5.403495688261002,1.1682824501765625
大將軍,3,0.0003556398553731255,3.459775876095667,1.1648729119013705
鄭亨,2,0.00021733546717246557,6.019779383901667,1.159588814308626
西洋,2,0.00021733546717246557,5.0148525793108805,1.159588814308626
破之,2,0.00021733546717246557,3.0251563728019617,1.159588814308626
孔子,2,0.0002568510066583684,4.5605391658082315,1.1569876443452742
金幼孜,3,0.00013830438820065991,7.094294120990717,1.15374194270109
秦晉,2,0.00013830438820065991,6.934329471298038,1.15374194270109
右丞,2,0.00013830438820065991,5.530793303743642,1.15374194270109
陳智,2,0.00013830438820065991,5.290700194115659,1.15374194270109
廷臣,2,0.00013830438820065991,5.277897347377276,1.15374194270109
敗賊於,3,0.00013830438820065991,4.865817000150392,1.15374194270109
子女,2,0.00013830438820065991,4.149139322180253,1.15374194270109
恤之,2,0.00013830438820065991,3.4524207092527104,1.15374194270109
及燕,2,0.00013830438820065991,3.0645787869677936,1.15374194270109
直文淵閣,4,0.00017781992768656275,6.680049325230506,1.1490596969706204
陳瑄,2,0.00017781992768656275,5.765158173710774,1.1490596969706202
百餘,2,0.00017781992768656275,5.715967929520002,1.1490596969706202
餘人,2,0.00017781992768656275,4.7798745703496675,1.1490596969706202
鄭和,2,0.000237093236915417,5.586256322998345,1.14370838942625
為左,2,0.00031612431588722267,3.6776413940341497,1.1274832349932322
稅糧,2,0.000711279710746251,6.033422160305453,1.117139444333211
铁铉,2,5.927330922885425e-05,9.733351450605975,1.0986122886681096
閭閻,2,5.927330922885425e-05,9.733351450605975,1.0986122886681096
商輅,2,5.927330922885425e-05,8.934843754388202,1.0986122886681096
鐵鉉,2,5.927330922885425e-05,8.711700203073994,1.0986122886681096
步騎,2,5.927330922885425e-05,8.192906409658827,1.0986122886681096
刀幹孟,3,5.927330922885425e-05,8.059375017034304,1.0986122886681096
瘞暴骸,3,5.927330922885425e-05,8.059375017034304,1.0986122886681096
房昭,2,5.927330922885425e-05,7.836231465720093,1.0986122886681096
曹吉祥,3,5.927330922885425e-05,7.696469523344935,1.0986122886681096
獻瑞麥,3,5.927330922885425e-05,7.5361268732697555,1.0986122886681096
鳳翔,2,5.927330922885425e-05,7.464667909287611,1.0986122886681096
鳳阳,2,5.927330922885425e-05,7.464667909287611,1.0986122886681096
秦隴,2,5.927330922885425e-05,7.430766357611929,1.0986122886681096
曹鼐,2,5.927330922885425e-05,7.408787450893154,1.0986122886681096
寬卹,2,5.927330922885425e-05,7.366227836474358,1.0986122886681096
獻騶虞,3,5.927330922885425e-05,7.248444800817975,1.0986122886681096
毛福壽,3,5.927330922885425e-05,7.194377579547699,1.0986122886681096
秀才,2,5.927330922885425e-05,7.143084285160148,1.0986122886681096
謁孝陵,3,5.927330922885425e-05,7.118391672569777,1.0986122886681096
棄市,2,5.927330922885425e-05,7.094294120990716,1.0986122886681096
操練,2,5.927330922885425e-05,7.0630415774866115,1.0986122886681096
失剌思,3,5.927330922885425e-05,7.025301249503765,1.0986122886681096
言得失,3,5.927330922885425e-05,7.0033223427849896,1.0986122886681096
乃兒不花,4,5.927330922885425e-05,6.960762728366194,1.0986122886681096
智勇,2,5.927330922885425e-05,6.919940733845938,1.0986122886681096
臨洮,2,5.927330922885425e-05,6.919940733845938,1.0986122886681096
輸粟,2,5.927330922885425e-05,6.80067731301912,1.0986122886681096
撫輯,2,5.927330922885425e-05,6.794777590891933,1.0986122886681096
奈何,2,5.927330922885425e-05,6.783081551128741,1.0986122886681096
連坐,2,5.927330922885425e-05,6.760092032904042,1.0986122886681096
千五百,3,5.927330922885425e-05,6.737619177051984,1.0986122886681096
總督軍務,4,5.927330922885425e-05,6.721089875100773,1.0986122886681096
遼王植,3,5.927330922885425e-05,6.710220202863869,1.0986122886681096
宋濂,2,5.927330922885425e-05,6.704829354228993,1.0986122886681096
相持,2,5.927330922885425e-05,6.657576469378448,1.0986122886681096
漕運,2,5.927330922885425e-05,6.652461368711677,1.0986122886681096
姓名,2,5.927330922885425e-05,6.642308997247659,1.0986122886681096
鄱陽,2,5.927330922885425e-05,6.627271119883119,1.0986122886681096
哈梅裏,3,5.927330922885425e-05,6.569283862232769,1.0986122886681096
光祿,2,5.927330922885425e-05,6.555297620258029,1.0986122886681096
妄殺,2,5.927330922885425e-05,6.536948481589833,1.0986122886681096
存恤,2,5.927330922885425e-05,6.536948481589833,1.0986122886681096
直搗,2,5.927330922885425e-05,6.536948481589833,1.0986122886681096
尚書石璞,4,5.927330922885425e-05,6.4881583174204005,1.0986122886681096
守將硃,3,5.927330922885425e-05,6.483838656275885,1.0986122886681096
采木,2,5.927330922885425e-05,6.470990513798035,1.0986122886681096
韓林兒,3,5.927330922885425e-05,6.4499371046002025,1.0986122886681096
譚淵,2,5.927330922885425e-05,6.401146940430771,1.0986122886681096
耿再成,3,5.927330922885425e-05,6.366055620619501,1.0986122886681096
領前鋒,3,5.927330922885425e-05,6.366055620619501,1.0986122886681096
被水田租,4,5.927330922885425e-05,6.350846201955972,1.0986122886681096
功進封,3,5.927330922885425e-05,6.299364246120828,1.0986122886681096
高煦高燧,4,5.927330922885425e-05,6.246996260603512,1.0986122886681096
謀反,2,5.927330922885425e-05,6.187572840132712,1.0986122886681096
張天祐,3,5.927330922885425e-05,6.1780033891165616,1.0986122886681096
張天騏,3,5.927330922885425e-05,6.1780033891165616,1.0986122886681096
郭亮,2,5.927330922885425e-05,6.178003389116561,1.0986122886681096
郭子興,3,5.927330922885425e-05,6.178003389116561,1.0986122886681096
甚眾,2,5.927330922885425e-05,6.146750845612456,1.0986122886681096
自焚死,3,5.927330922885425e-05,6.122433537961751,1.0986122886681096
沿邊,2,5.927330922885425e-05,6.11346486797899,1.0986122886681096
馬愉,2,5.927330922885425e-05,6.104575920561744,1.0986122886681096
賦役,2,5.927330922885425e-05,6.098693550658678,1.0986122886681096
棄交阯,3,5.927330922885425e-05,6.095765290879589,1.0986122886681096
臨濠,2,5.927330922885425e-05,6.072642873458735,1.0986122886681096
望見,2,5.927330922885425e-05,6.033422160305453,1.0986122886681096
給米,2,5.927330922885425e-05,5.995681832322607,1.0986122886681096
古州蠻,3,5.927330922885425e-05,5.995681832322607,1.0986122886681096
饑逮治,3,5.927330922885425e-05,5.995681832322607,1.0986122886681096
祭告天地,4,5.927330922885425e-05,5.987776652815493,1.0986122886681096
經略,2,5.927330922885425e-05,5.9593141881517315,1.0986122886681096
陵贊曰,3,5.927330922885425e-05,5.956766416072933,1.0986122886681096
鄧茂七,3,5.927330922885425e-05,5.949161816687714,1.0986122886681096
徐凯,2,5.927330922885425e-05,5.941614611052331,1.0986122886681096
巡按御史,4,5.927330922885425e-05,5.939111480834212,1.0986122886681096
泥八剌,3,5.927330922885425e-05,5.9047100541168795,1.0986122886681096
禦奉天門,4,5.927330922885425e-05,5.89032131666478,1.0986122886681096
錦衣衛獄,4,5.927330922885425e-05,5.880842572710236,1.0986122886681096
征南師還,4,5.927330922885425e-05,5.848357117565748,1.0986122886681096
夾擊,2,5.927330922885425e-05,5.841531152495349,1.0986122886681096
沿海,2,5.927330922885425e-05,5.83475146550997,1.0986122886681096
文華殿,3,5.927330922885425e-05,5.83475146550997,1.0986122886681096
帥精,2,5.927330922885425e-05,5.825782795527209,1.0986122886681096
久旱,2,5.927330922885425e-05,5.756789924040258,1.0986122886681096
布衣,2,5.927330922885425e-05,5.756789924040258,1.0986122886681096
胡大海克,4,5.927330922885425e-05,5.7443674040417,1.0986122886681096
劉俊,2,5.927330922885425e-05,5.740260622089047,1.0986122886681096
占城古裏,4,5.927330922885425e-05,5.740260622089047,1.0986122886681096
畢節諸,3,5.927330922885425e-05,5.702065024351011,1.0986122886681096
與卿等,3,5.927330922885425e-05,5.690300182771424,1.0986122886681096
五開蠻叛,4,5.927330922885425e-05,5.661479744235932,1.0986122886681096
蠲逋賦,3,5.927330922885425e-05,5.6316267810862515,1.0986122886681096
議北征,3,5.927330922885425e-05,5.6316267810862515,1.0986122886681096
勸進,2,5.927330922885425e-05,5.590216724214442,1.0986122886681096
等侯者,3,5.927330922885425e-05,5.5849396671135985,1.0986122886681096
率舟師,3,5.927330922885425e-05,5.579690311227455,1.0986122886681096
設科取士,4,5.927330922885425e-05,5.5236960418728795,1.0986122886681096
出塞,2,0.0001185466184577085,5.508953760135676,1.0986122886681096
置翰林,3,5.927330922885425e-05,5.484856208556616,1.0986122886681096
硃亮祖克,4,5.927330922885425e-05,5.456685331589919,1.0986122886681096
金華,2,5.927330922885425e-05,5.420317687419044,1.0986122886681096
汰冗官,3,5.927330922885425e-05,5.4158633370696645,1.0986122886681096
遺賢,2,5.927330922885425e-05,5.393884430350889,1.0986122886681096
涇江,2,5.927330922885425e-05,5.3909900723245245,1.0986122886681096
副之率,3,5.927330922885425e-05,5.385226367607775,1.0986122886681096
淮揚,2,5.927330922885425e-05,5.373797671784152,1.0986122886681096
浙江江西,4,5.927330922885425e-05,5.361094607527899,1.0986122886681096
核天下,3,5.927330922885425e-05,5.35969306560261,1.0986122886681096
乂安,2,5.927330922885425e-05,5.34716680578343,1.0986122886681096
三司官,3,5.927330922885425e-05,5.322575402646107,1.0986122886681096
敕邊將,3,5.927330922885425e-05,5.318534993109102,1.0986122886681096
皇后崩,3,5.927330922885425e-05,5.318534993109102,1.0986122886681096
白溝河,3,5.927330922885425e-05,5.307839703992355,1.0986122886681096
擊敗之遂,4,5.927330922885425e-05,5.307839703992355,1.0986122886681096
與俱,2,5.927330922885425e-05,5.284185513094465,1.0986122886681096
倭陷,2,5.927330922885425e-05,5.267443331951391,1.0986122886681096
馬騏,2,5.927330922885425e-05,5.25727806017454,1.0986122886681096
遣御史巡,4,5.927330922885425e-05,5.254752806307346,1.0986122886681096
遂趨,2,5.927330922885425e-05,5.247215082175919,1.0986122886681096
祖考曰,3,5.927330922885425e-05,5.23354178027571,1.0986122886681096
千余,2,5.927330922885425e-05,5.211562873556934,1.0986122886681096
軍民利病,4,5.927330922885425e-05,5.197174136104835,1.0986122886681096
幸北京,3,5.927330922885425e-05,5.191239400585021,1.0986122886681096
工部尚書,4,5.927330922885425e-05,5.185339678457832,1.0986122886681096
誠敬,2,5.927330922885425e-05,5.179474559005434,1.0986122886681096
雞籠山,3,5.927330922885425e-05,5.179474559005434,1.0986122886681096
等十三人,4,5.927330922885425e-05,5.179474559005434,1.0986122886681096
被災田糧,4,5.927330922885425e-05,5.175971928454232,1.0986122886681096
寧越,2,5.927330922885425e-05,5.1736436386946405,1.0986122886681096
左副總兵,4,5.927330922885425e-05,5.172481523514463,1.0986122886681096
發喪,2,5.927330922885425e-05,5.148383971935403,1.0986122886681096
瓦剌也先,4,5.927330922885425e-05,5.128181264617884,1.0986122886681096
則無,2,5.927330922885425e-05,5.124853474525208,1.0986122886681096
通政司,3,5.927330922885425e-05,5.106202357899108,1.0986122886681096
江西湖廣,4,5.927330922885425e-05,5.106202357899108,1.0986122886681096
湖廣江西,4,5.927330922885425e-05,5.106202357899108,1.0986122886681096
婺州,2,5.927330922885425e-05,5.105115991686887,1.0986122886681096
衢州,2,5.927330922885425e-05,5.105115991686887,1.0986122886681096
贛州,2,5.927330922885425e-05,5.105115991686887,1.0986122886681096
走德州,3,5.927330922885425e-05,5.105115991686887,1.0986122886681096
部都察院,4,5.927330922885425e-05,5.086826078935969,1.0986122886681096
河斬其將,4,5.927330922885425e-05,5.084696152678145,1.0986122886681096
產者,2,5.927330922885425e-05,5.074114043347608,1.0986122886681096
輸作者,3,5.927330922885425e-05,5.074114043347608,1.0986122886681096
賜百官,3,5.927330922885425e-05,5.02883882128562,1.0986122886681096
今年租,3,5.927330922885425e-05,5.0178332074490175,1.0986122886681096
次宣府,3,5.927330922885425e-05,5.015845135223632,1.0986122886681096
援永平,3,5.927330922885425e-05,4.99715300221148,1.0986122886681096
督漕,2,5.927330922885425e-05,4.954227957494445,1.0986122886681096
通政使,3,5.927330922885425e-05,4.953294686311447,1.0986122886681096
宗社,2,5.927330922885425e-05,4.938479600526306,1.0986122886681096
建文元年,4,5.927330922885425e-05,4.918460733635815,1.0986122886681096
景泰元年,4,5.927330922885425e-05,4.918460733635815,1.0986122886681096
正統元年,4,5.927330922885425e-05,4.918460733635815,1.0986122886681096
復其官,3,5.927330922885425e-05,4.905037713303674,1.0986122886681096
同心,2,5.927330922885425e-05,4.899718551826074,1.0986122886681096
京營兵,3,5.927330922885425e-05,4.884799451062682,1.0986122886681096
湯和為征,4,5.927330922885425e-05,4.884799451062682,1.0986122886681096
詔求直言,4,5.927330922885425e-05,4.866672066470126,1.0986122886681096
不便,2,5.927330922885425e-05,4.832200389351407,1.0986122886681096
宜興,2,5.927330922885425e-05,4.828076672167545,1.0986122886681096
矣今,2,5.927330922885425e-05,4.819879904963367,1.0986122886681096
河南蝗,3,5.927330922885425e-05,4.780659191810086,1.0986122886681096
上表,2,5.927330922885425e-05,4.7798745703496675,1.0986122886681096
懷來,2,5.927330922885425e-05,4.775960671028532,1.0986122886681096
御史台,3,5.927330922885425e-05,4.775960671028531,1.0986122886681096
百三十,3,5.927330922885425e-05,4.765855649170336,1.0986122886681096
諸將議,3,5.927330922885425e-05,4.75126805843816,1.0986122886681096
重慶,2,5.927330922885425e-05,4.745189012361777,1.0986122886681096
帝曰「朕,4,5.927330922885425e-05,4.745189012361777,1.0986122886681096
以為常,3,5.927330922885425e-05,4.742163291445241,1.0986122886681096
貴州蠻,3,5.927330922885425e-05,4.73613917684186,1.0986122886681096
宗葬,2,5.927330922885425e-05,4.7271705068591,1.0986122886681096
會議,2,5.927330922885425e-05,4.7271705068591,1.0986122886681096
趙庸,2,5.927330922885425e-05,4.722716156509719,1.0986122886681096
府州縣官,4,5.927330922885425e-05,4.722716156509719,1.0986122886681096
王允熙,4,5.927330922885425e-05,4.71607161379105,1.0986122886681096
免兩畿,3,5.927330922885425e-05,4.688493668685233,1.0986122886681096
楊洪,2,5.927330922885425e-05,4.665146304688242,1.0986122886681096
諡曰,2,5.927330922885425e-05,4.657483431942672,1.0986122886681096
安敗走,3,5.927330922885425e-05,4.6540196252234844,1.0986122886681096
不足,2,5.927330922885425e-05,4.6498788325574525,1.0986122886681096
征麓川,3,5.927330922885425e-05,4.647127799185562,1.0986122886681096
皆戰死,3,5.927330922885425e-05,4.641648333420937,1.0986122886681096
徐壽輝將,4,5.927330922885425e-05,4.625387812549157,1.0986122886681096
之際,2,5.927330922885425e-05,4.597553013555713,1.0986122886681096
又敗之,3,5.927330922885425e-05,4.597553013555713,1.0986122886681096
山寇平之,4,5.927330922885425e-05,4.597553013555713,1.0986122886681096
丁卯置,3,5.927330922885425e-05,4.591038332534519,1.0986122886681096
巡邊乙,3,5.927330922885425e-05,4.581988497014602,1.0986122886681096
諭戶部,3,5.927330922885425e-05,4.578134927698612,1.0986122886681096
擊斬,2,5.927330922885425e-05,4.568565476682461,1.0986122886681096
討國珍,3,5.927330922885425e-05,4.564130879614595,1.0986122886681096
敗沒,2,5.927330922885425e-05,4.5330144924181415,1.0986122886681096
戊申次,3,5.927330922885425e-05,4.526296909904926,1.0986122886681096
諸衛軍,3,5.927330922885425e-05,4.50402695554489,1.0986122886681096
龍興,2,5.927330922885425e-05,4.491604435546333,1.0986122886681096
夏原吉等,4,5.927330922885425e-05,4.4863273784454885,1.0986122886681096
畿水災,3,5.927330922885425e-05,4.483407668342154,1.0986122886681096
封皇子,3,5.927330922885425e-05,4.480496458134695,1.0986122886681096
自稱,2,5.927330922885425e-05,4.475856078578193,1.0986122886681096
為可汗,3,5.927330922885425e-05,4.454670058574798,1.0986122886681096
天下郡縣,4,5.927330922885425e-05,4.4434023337284545,1.0986122886681096
壬辰罷,3,5.927330922885425e-05,4.433923589773911,1.0986122886681096
重囚,2,5.927330922885425e-05,4.418504782106727,1.0986122886681096
收其,2,5.927330922885425e-05,4.4152314567617585,1.0986122886681096
詔自今,3,5.927330922885425e-05,4.4146869427270685,1.0986122886681096
旋師,2,5.927330922885425e-05,4.375717506901519,1.0986122886681096
杰安,2,5.927330922885425e-05,4.366337552771704,1.0986122886681096
金玉,2,5.927330922885425e-05,4.364265013169731,1.0986122886681096
人心,2,5.927330922885425e-05,4.335188749088222,1.0986122886681096
修舉,2,5.927330922885425e-05,4.3296735684001115,1.0986122886681096
賊平之,3,5.927330922885425e-05,4.309870941103933,1.0986122886681096
等伏誅,3,5.927330922885425e-05,4.3040058216515344,1.0986122886681096
同謀,2,5.927330922885425e-05,4.286614078939665,1.0986122886681096
為左副,3,5.927330922885425e-05,4.272348501780843,1.0986122886681096
曰「吾,3,5.927330922885425e-05,4.264822596080496,1.0986122886681096
十余人,3,5.927330922885425e-05,4.255030025404346,1.0986122886681096
追封,2,5.927330922885425e-05,4.219922704440993,1.0986122886681096
小河,2,5.927330922885425e-05,4.209227415324245,1.0986122886681096
寅耕耤田,4,5.927330922885425e-05,4.209227415324245,1.0986122886681096
振畿內,3,5.927330922885425e-05,4.194705707989628,1.0986122886681096
移師,2,5.927330922885425e-05,4.193395950107564,1.0986122886681096
建昌,2,5.927330922885425e-05,4.182116004042498,1.0986122886681096
於城下,3,5.927330922885425e-05,4.172669819590447,1.0986122886681096
征將士,3,5.927330922885425e-05,4.167554718923677,1.0986122886681096
留鎮,2,5.927330922885425e-05,4.097768511417329,1.0986122886681096
六合,2,5.927330922885425e-05,4.084377212444768,1.0986122886681096
十四人,3,5.927330922885425e-05,4.072708468610392,1.0986122886681096
年七十,3,5.927330922885425e-05,4.072708468610392,1.0986122886681096
縣賊,2,5.927330922885425e-05,4.0711628732486105,1.0986122886681096
徙封,2,5.927330922885425e-05,4.065772024613734,1.0986122886681096
儒士,2,5.927330922885425e-05,4.057358973079452,1.0986122886681096
民益,2,5.927330922885425e-05,4.046376094266155,1.0986122886681096
不若,2,5.927330922885425e-05,4.043743028987137,1.0986122886681096
八月乙酉,4,5.927330922885425e-05,4.04149162090668,1.0986122886681096
耕耤田癸,4,5.927330922885425e-05,4.034023326299154,1.0986122886681096
諸將分,3,5.927330922885425e-05,4.027349219211461,1.0986122886681096
三十一年,4,5.927330922885425e-05,4.0232924185158465,1.0986122886681096
高皇后,3,5.927330922885425e-05,4.013404039096418,1.0986122886681096
劉真,2,5.927330922885425e-05,4.013039673998564,1.0986122886681096
九月癸亥,4,5.927330922885425e-05,3.9875033106642612,1.0986122886681096
者官為,3,5.927330922885425e-05,3.9846664293290615,1.0986122886681096
討黎利,3,5.927330922885425e-05,3.984312384361653,1.0986122886681096
民夫,2,5.927330922885425e-05,3.9818375731285838,1.0986122886681096
爪哇琉球,4,5.927330922885425e-05,3.975852693444286,1.0986122886681096
和林,2,5.927330922885425e-05,3.9587999050615665,1.0986122886681096
九月壬戌,4,5.927330922885425e-05,3.9567316519975075,1.0986122886681096
九月戊辰,4,5.927330922885425e-05,3.9567316519975075,1.0986122886681096
十五人,3,5.927330922885425e-05,3.955699127383318,1.0986122886681096
至真定,3,5.927330922885425e-05,3.9515796570880792,1.0986122886681096
令有司,3,5.927330922885425e-05,3.949184446362125,1.0986122886681096
備瓦剌,3,5.927330922885425e-05,3.944411167609467,1.0986122886681096
慶陽,2,5.927330922885425e-05,3.941693774632967,1.0986122886681096
尋命,2,5.927330922885425e-05,3.926878688847826,1.0986122886681096
八月癸酉,4,5.927330922885425e-05,3.923208959958864,1.0986122886681096
民間,2,5.927330922885425e-05,3.921212951312149,1.0986122886681096
振濟,2,5.927330922885425e-05,3.9070236355378465,1.0986122886681096
先攻,2,5.927330922885425e-05,3.9066960352073163,1.0986122886681096
州蠻叛,3,5.927330922885425e-05,3.9011431873609514,1.0986122886681096
五月乙丑,4,5.927330922885425e-05,3.897891151974574,1.0986122886681096
卯禁,2,5.927330922885425e-05,3.8952971167975274,1.0986122886681096
卯何福,3,5.927330922885425e-05,3.8952971167975274,1.0986122886681096
英宗,2,5.927330922885425e-05,3.879872646471896,1.0986122886681096
六月己卯,4,5.927330922885425e-05,3.8621730693724947,1.0986122886681096
李文忠還,4,5.927330922885425e-05,3.8559269528755418,1.0986122886681096
五月丙戌,4,5.927330922885425e-05,3.842321300819763,1.0986122886681096
副之討,3,5.927330922885425e-05,3.8358923792433797,1.0986122886681096
八月乙卯,4,5.927330922885425e-05,3.825268512437044,1.0986122886681096
擊破,2,5.927330922885425e-05,3.8171493879985396,1.0986122886681096
」癸酉,3,5.927330922885425e-05,3.8144575963328284,1.0986122886681096
滁州,2,5.927330922885425e-05,3.8058330075566267,1.0986122886681096
殿成,2,5.927330922885425e-05,3.801106263157964,1.0986122886681096
戌漢,2,5.927330922885425e-05,3.7931801978855435,1.0986122886681096
等於獄,3,5.927330922885425e-05,3.7931801978855435,1.0986122886681096
九月戊寅,4,5.927330922885425e-05,3.7896775673343415,1.0986122886681096
陝西河南,4,5.927330922885425e-05,3.7821303616989588,1.0986122886681096
河南陝西,4,5.927330922885425e-05,3.7821303616989583,1.0986122886681096
江西河南,4,5.927330922885425e-05,3.7815521598904245,1.0986122886681096
月丁巳命,4,5.927330922885425e-05,3.7689155758859125,1.0986122886681096
月壬午朔,4,5.927330922885425e-05,3.7689155758859125,1.0986122886681096
月壬申朔,4,5.927330922885425e-05,3.7689155758859125,1.0986122886681096
月甲戌封,4,5.927330922885425e-05,3.7689155758859125,1.0986122886681096
官秋八月,4,5.927330922885425e-05,3.768915575885912,1.0986122886681096
秋八月丁,4,5.927330922885425e-05,3.7672047114822824,1.0986122886681096
元主,2,5.927330922885425e-05,3.7620896108155124,1.0986122886681096
之三月丁,4,5.927330922885425e-05,3.7502551531685095,1.0986122886681096
八月甲辰,4,5.927330922885425e-05,3.7452258047635074,1.0986122886681096
五月己巳,4,5.927330922885425e-05,3.73966714675968,1.0986122886681096
臣議,2,5.927330922885425e-05,3.7374523064301273,1.0986122886681096
勤王,2,5.927330922885425e-05,3.735242360779324,1.0986122886681096
卯詔天下,4,5.927330922885425e-05,3.7234468598708683,1.0986122886681096
五月丁酉,4,5.927330922885425e-05,3.7155695951806194,1.0986122886681096
都指揮李,4,5.927330922885425e-05,3.711249934036103,1.0986122886681096
八月己巳,4,5.927330922885425e-05,3.695215384188846,1.0986122886681096
百戶,2,5.927330922885425e-05,3.6930967393285608,1.0986122886681096
六月乙亥,4,5.927330922885425e-05,3.6711178326097857,1.0986122886681096
凡三,2,5.927330922885425e-05,3.648598969074436,1.0986122886681096
三月己亥,4,5.927330922885425e-05,3.648598969074436,1.0986122886681096
八月壬申,4,5.927330922885425e-05,3.6475873351995913,1.0986122886681096
涼州,2,5.927330922885425e-05,3.63877892289346,1.0986122886681096
湯和還,3,5.927330922885425e-05,3.614764896058654,1.0986122886681096
不以聞,3,5.927330922885425e-05,3.6084249577292917,1.0986122886681096
丁亥詔,3,5.927330922885425e-05,3.5937063906572386,1.0986122886681096
孫守,2,5.927330922885425e-05,3.5877362236707344,1.0986122886681096
甲申遣,3,5.927330922885425e-05,3.584883154688328,1.0986122886681096
八月甲午,4,5.927330922885425e-05,3.580146054404059,1.0986122886681096
馮勝還,3,5.927330922885425e-05,3.5796735762473837,1.0986122886681096
陳理,2,5.927330922885425e-05,3.5679335963745547,1.0986122886681096
濠州,2,5.927330922885425e-05,3.5646709507397385,1.0986122886681096
三月己酉,4,5.927330922885425e-05,3.530815933418052,1.0986122886681096
田租六月,4,5.927330922885425e-05,3.529467315546759,1.0986122886681096
皆降,2,5.927330922885425e-05,3.5292427226204923,1.0986122886681096
敬天,2,5.927330922885425e-05,3.518743352183783,1.0986122886681096
討湖廣,3,5.927330922885425e-05,3.5143087551159176,1.0986122886681096
貸之,2,5.927330922885425e-05,3.4989407248876034,1.0986122886681096
」庚申,3,5.927330922885425e-05,3.487244685124412,1.0986122886681096
九月壬午,4,5.927330922885425e-05,3.482947299911866,1.0986122886681096
卻之十,3,5.927330922885425e-05,3.4665726650400757,1.0986122886681096
馬雲,2,5.927330922885425e-05,3.4655185909464854,1.0986122886681096
者各,2,5.927330922885425e-05,3.425455417760226,1.0986122886681096
甲午振,3,5.927330922885425e-05,3.4105867492239557,1.0986122886681096
學是月,3,5.927330922885425e-05,3.408992488224664,1.0986122886681096
乙亥都督,4,5.927330922885425e-05,3.401454265660683,1.0986122886681096
二月乙酉,4,5.927330922885425e-05,3.3984942240322065,1.0986122886681096
河南山西,4,5.927330922885425e-05,3.394364830690195,1.0986122886681096
奏事,2,5.927330922885425e-05,3.3803349824797566,1.0986122886681096
命有司,3,5.927330922885425e-05,3.3803349824797566,1.0986122886681096
李遠,2,5.927330922885425e-05,3.3649736973182693,1.0986122886681096
伯劉,2,5.927330922885425e-05,3.353794045114299,1.0986122886681096
軍盡,2,5.927330922885425e-05,3.351347445606504,1.0986122886681096
饑秋七月,4,5.927330922885425e-05,3.333094005297154,1.0986122886681096
豫王,2,5.927330922885425e-05,3.32977725267116,1.0986122886681096
遣使振,3,5.927330922885425e-05,3.3272051402849043,1.0986122886681096
得其,2,5.927330922885425e-05,3.3166191680936485,1.0986122886681096
丙辰詔,3,5.927330922885425e-05,3.316074654058959,1.0986122886681096
二月辛酉,4,5.927330922885425e-05,3.3000541512189536,1.0986122886681096
丁巳詔,3,5.927330922885425e-05,3.2862216909092776,1.0986122886681096
奉命,2,5.927330922885425e-05,3.280251523922774,1.0986122886681096
來降,2,5.927330922885425e-05,3.2580899521199216,1.0986122886681096
甲辰遣,3,5.927330922885425e-05,3.217158374563011,1.0986122886681096
之初,2,5.927330922885425e-05,3.2112586524358226,1.0986122886681096
信州,2,5.927330922885425e-05,3.207996006801006,1.0986122886681096
平貴州,3,5.927330922885425e-05,3.2053935329834244,1.0986122886681096
閏月丁,3,5.927330922885425e-05,3.179418046580164,1.0986122886681096
閏月甲,3,5.927330922885425e-05,3.179418046580164,1.0986122886681096
等二十,3,5.927330922885425e-05,3.17799455879531,1.0986122886681096
討廣,2,0.0001185466184577085,3.1689475710774584,1.0986122886681096
降五月,3,5.927330922885425e-05,3.162779772315597,1.0986122886681096
帝後,2,5.927330922885425e-05,3.154100238595874,1.0986122886681096
申前,2,5.927330922885425e-05,3.148560058220258,1.0986122886681096
救之,2,5.927330922885425e-05,3.1312159447622863,1.0986122886681096
東川,2,5.927330922885425e-05,3.1225058731776567,1.0986122886681096
部請,2,5.927330922885425e-05,3.1207132225631367,1.0986122886681096
午敕,2,5.927330922885425e-05,3.100033017325598,1.0986122886681096
壬子詔,3,5.927330922885425e-05,3.0749125972420708,1.0986122886681096
戊子詔,3,5.927330922885425e-05,3.0749125972420708,1.0986122886681096
山敗績,3,5.927330922885425e-05,3.059211022805343,1.0986122886681096
二月己巳,4,5.927330922885425e-05,3.052217987314372,1.0986122886681096
九門,2,5.927330922885425e-05,3.0487397229380475,1.0986122886681096
北歸,2,5.927330922885425e-05,3.0473517976631994,1.0986122886681096
又以,2,5.927330922885425e-05,3.0374151992068152,1.0986122886681096
丑燕兵,3,5.927330922885425e-05,3.0199903096520617,1.0986122886681096
伏兵,2,5.927330922885425e-05,3.012997274161091,1.0986122886681096
武成,2,5.927330922885425e-05,3.0103206130341027,1.0986122886681096
甲戌詔,3,5.927330922885425e-05,3.005919725755119,1.0986122886681096
監國,2,0.00019757769742951415,4.30620121221497,1.0888999753452238
釋之,2,0.00019757769742951415,3.4989407248876034,1.0888999753452238
為左右,3,0.00019757769742951415,4.377709017438669,1.0888999753452235
太孫,2,0.0003358820856301741,3.9218582829469937,1.0791615912646864
顧興祖,3,0.00015806215794361133,5.7443674040417,1.0735428464085233
徐亨,2,0.00015806215794361133,4.307484086027859,1.0735428464085233
十四年,3,0.00015806215794361133,3.954925432954008,1.0735428464085233
十五年,3,0.00015806215794361133,3.754254737491857,1.0735428464085233
江陰,2,0.00015806215794361133,4.98552496421636,1.073542846408523
同知,2,0.00045442870408788255,5.224883717532595,1.061695979842978
八月癸,3,0.00017781992768656275,3.0957536877062237,1.0608569471580214
忽魯謨斯,4,9.878884871475707e-05,7.49975922909888,1.0549201679861442
華蓋,2,9.878884871475707e-05,7.471588352132184,1.0549201679861442
李時勉,3,9.878884871475707e-05,5.979933475354467,1.0549201679861442
賢才,2,9.878884871475707e-05,5.862150439698084,1.0549201679861442
孔子廟,3,9.878884871475707e-05,5.833401026412098,1.0549201679861442
都督楊文,4,9.878884871475707e-05,5.318534993109102,1.0549201679861442
應昌,2,9.878884871475707e-05,5.114936037867863,1.0549201679861442
叛附於,3,9.878884871475707e-05,4.865817000150392,1.0549201679861442
長陵,2,9.878884871475707e-05,4.796003952279551,1.0549201679861442
十七萬,3,9.878884871475707e-05,4.765855649170337,1.0549201679861442
獄尋釋之,4,9.878884871475707e-05,4.597553013555713,1.0549201679861442
萬石,2,9.878884871475707e-05,4.553067150969531,1.0549201679861442
占城瓦剌,4,9.878884871475707e-05,4.236183225312773,1.0549201679861442
中丞,2,9.878884871475707e-05,3.9051904544561857,1.0549201679861442
閏月戊,3,9.878884871475707e-05,3.7984572549863875,1.0549201679861442
月丙寅朔,4,9.878884871475707e-05,3.768915575885912,1.0549201679861442
糧五月,3,9.878884871475707e-05,3.6073560105403866,1.0549201679861442
行部,2,9.878884871475707e-05,3.100910595266957,1.0549201679861442
銀場,2,7.903107897180567e-05,7.874452678540291,1.0397207708399179
梁,2,7.903107897180567e-05,7.740921285915769,1.0397207708399179
古裏柯枝,4,7.903107897180567e-05,7.5361268732697555,1.0397207708399179
沙漠,2,7.903107897180567e-05,7.3819761934424974,1.0397207708399179
漢王高煦,4,7.903107897180567e-05,7.3819761934424974,1.0397207708399179
黎季犛,3,7.903107897180567e-05,7.335456177807604,1.0397207708399179
暴骨,2,7.903107897180567e-05,7.305603214657923,1.0397207708399179
代王桂,3,7.903107897180567e-05,7.29100441523677,1.0397207708399179
保定伯梁,4,7.903107897180567e-05,7.248444800817975,1.0397207708399179
脫脫,2,7.903107897180567e-05,7.088359385470902,1.0397207708399179
朵顏,2,7.903107897180567e-05,7.047774105355823,1.0397207708399179
韓觀,2,7.903107897180567e-05,7.025301249503765,1.0397207708399179
瞻基,2,7.903107897180567e-05,6.9001381065497585,1.0397207708399179
陵寢,2,7.903107897180567e-05,6.895248121255567,1.0397207708399179
雁門,2,7.903107897180567e-05,6.737619177051984,1.0397207708399179
石抹宜孫,4,7.903107897180567e-05,6.737619177051984,1.0397207708399179
均用,2,7.903107897180567e-05,6.634761791612276,1.0397207708399179
謹身殿,3,7.903107897180567e-05,6.608786305209016,1.0397207708399179
各舉所知,4,7.903107897180567e-05,6.555297620258029,1.0397207708399179
俞通海,3,7.903107897180567e-05,6.527898646069914,1.0397207708399179
直隸,2,7.903107897180567e-05,6.4881583174204005,1.0397207708399179
饷道,2,7.903107897180567e-05,6.434432918064238,1.0397207708399179
謀逆,2,7.903107897180567e-05,6.401146940430771,1.0397207708399179
尚書蹇義,4,7.903107897180567e-05,6.206990925989813,1.0397207708399179
宴群臣,3,7.903107897180567e-05,6.104575920561744,1.0397207708399179
招諭,2,7.903107897180567e-05,6.044471996492039,1.0397207708399179
對曰「,3,7.903107897180567e-05,6.034109209456492,1.0397207708399179
襄城伯李,4,7.903107897180567e-05,5.979933475354468,1.0397207708399179
廣東賊,3,7.903107897180567e-05,5.968282858134492,1.0397207708399179
宋晟,2,7.903107897180567e-05,5.951057551852613,1.0397207708399179
阿魯台,3,7.903107897180567e-05,5.919308853538032,1.0397207708399179
降其眾,3,7.903107897180567e-05,5.7305740819093645,1.0397207708399179
彰德,2,7.903107897180567e-05,5.716968429853586,1.0397207708399179
黃儼等,3,7.903107897180567e-05,5.690300182771424,1.0397207708399179
世襲,2,7.903107897180567e-05,5.630708085569179,1.0397207708399179
秦晉燕,3,7.903107897180567e-05,5.608908857226594,1.0397207708399179
李琦,2,7.903107897180567e-05,5.574468367246303,1.0397207708399179
德崖,2,7.903107897180567e-05,5.562817750026328,1.0397207708399179
法司錄囚,4,7.903107897180567e-05,5.562817750026328,1.0397207708399179
刑部侍郎,4,7.903107897180567e-05,5.536149502944166,1.0397207708399179
領左,2,0.00015806215794361133,5.483666440421027,1.0397207708399179
分遣御史,4,7.903107897180567e-05,5.463654000906013,1.0397207708399179
是月倭寇,4,7.903107897180567e-05,5.461325711146422,1.0397207708399179
鄧愈為征,4,7.903107897180567e-05,5.460163595966245,1.0397207708399179
朝覲官,3,7.903107897180567e-05,5.4158633370696645,1.0397207708399179
立妃,2,7.903107897180567e-05,5.32460174579134,1.0397207708399179
都督硃榮,4,7.903107897180567e-05,5.318534993109102,1.0397207708399179
災異,2,7.903107897180567e-05,5.215192641607514,1.0397207708399179
領中軍,3,7.903107897180567e-05,5.197174136104835,1.0397207708399179
山雲討,3,7.903107897180567e-05,5.179474559005434,1.0397207708399179
襲破,2,7.903107897180567e-05,5.156923733483538,1.0397207708399179
備開平,3,7.903107897180567e-05,4.99715300221148,1.0397207708399179
而已,2,7.903107897180567e-05,4.984080920644127,1.0397207708399179
免南畿,3,7.903107897180567e-05,4.9761757411370136,1.0397207708399179
交阯賊,3,7.903107897180567e-05,4.969754028023365,1.0397207708399179
粟振,2,7.903107897180567e-05,4.961960860703295,1.0397207708399179
大理寺,3,7.903107897180567e-05,4.951430752873384,1.0397207708399179
儒臣,2,7.903107897180567e-05,4.925920924220098,1.0397207708399179
左丞,2,7.903107897180567e-05,4.899718551826074,1.0397207708399179
敗黎利於,4,7.903107897180567e-05,4.865817000150392,1.0397207708399179
黃淮,2,7.903107897180567e-05,4.82315055383149,1.0397207708399179
相繼下,3,7.903107897180567e-05,4.800077277667187,1.0397207708399179
卒於軍,3,7.903107897180567e-05,4.791709027996671,1.0397207708399179
督餉,2,7.903107897180567e-05,4.7899249062031695,1.0397207708399179
叛番,2,7.903107897180567e-05,4.773424826501782,1.0397207708399179
子標,2,7.903107897180567e-05,4.768178530586477,1.0397207708399179
高麗琉球,4,7.903107897180567e-05,4.738958462611142,1.0397207708399179
大漸,2,7.903107897180567e-05,4.728287201559175,1.0397207708399179
歷代帝王,4,7.903107897180567e-05,4.71607161379105,1.0397207708399179
北京地震,4,7.903107897180567e-05,4.693157354268174,1.0397207708399179
錄南京,3,7.903107897180567e-05,4.689926333686729,1.0397207708399179
迎戰,2,7.903107897180567e-05,4.689926333686728,1.0397207708399179
南畿浙江,4,7.903107897180567e-05,4.642673448836183,1.0397207708399179
是年高麗,4,7.903107897180567e-05,4.6284165882113175,1.0397207708399179
山南入貢,4,7.903107897180567e-05,4.619858771070011,1.0397207708399179
寬恤之,3,7.903107897180567e-05,4.597553013555713,1.0397207708399179
吳良,2,7.903107897180567e-05,4.578134927698612,1.0397207708399179
嘉興,2,7.903107897180567e-05,4.565712407700055,1.0397207708399179
安陸,2,7.903107897180567e-05,4.536236589567101,1.0397207708399179
振蘇松,3,7.903107897180567e-05,4.4823877804414085,1.0397207708399179
湖廣饑,3,7.903107897180567e-05,4.386243919888506,1.0397207708399179
暹羅安南,4,7.903107897180567e-05,4.325059230849367,1.0397207708399179
等練兵,3,7.903107897180567e-05,4.3040058216515344,1.0397207708399179
改封,2,7.903107897180567e-05,4.251671402755573,1.0397207708399179
順德,2,7.903107897180567e-05,4.250631361060159,1.0397207708399179
是年爪哇,4,7.903107897180567e-05,4.152992891496243,1.0397207708399179
命中官,3,7.903107897180567e-05,4.127549384309978,1.0397207708399179
武昌,2,7.903107897180567e-05,4.1263246444140815,1.0397207708399179
六月甲辰,4,7.903107897180567e-05,4.123879655421015,1.0397207708399179
諸司不,3,7.903107897180567e-05,4.09026304462203,1.0397207708399179
八月丁酉,4,7.903107897180567e-05,4.08555161070071,1.0397207708399179
山西北平,4,7.903107897180567e-05,4.082032545485514,1.0397207708399179
剌撒,2,7.903107897180567e-05,4.032907877215289,1.0397207708399179
遣中官,3,7.903107897180567e-05,3.9903482627964926,1.0397207708399179
各一,2,7.903107897180567e-05,3.9495262682762373,1.0397207708399179
萬戶,2,7.903107897180567e-05,3.947988988957351,1.0397207708399179
西逋賦,3,7.903107897180567e-05,3.9426270458159656,1.0397207708399179
大喜,2,7.903107897180567e-05,3.9398298411949044,1.0397207708399179
建北京,3,7.903107897180567e-05,3.932996966325027,1.0397207708399179
諸將曰「,4,7.903107897180567e-05,3.9299750551862846,1.0397207708399179
詔群臣,3,7.903107897180567e-05,3.9222104576292742,1.0397207708399179
為皇太孫,4,7.903107897180567e-05,3.866883393672678,1.0397207708399179
硃文,2,7.903107897180567e-05,3.853749996643386,1.0397207708399179
山西山東,4,7.903107897180567e-05,3.849100987805142,1.0397207708399179
丁巳免,3,7.903107897180567e-05,3.8477104893192227,1.0397207708399179
振湖廣,3,7.903107897180567e-05,3.8380307640508953,1.0397207708399179
將士庚,3,7.903107897180567e-05,3.8266281319530835,1.0397207708399179
年六十,3,7.903107897180567e-05,3.819848444967705,1.0397207708399179
平涼,2,7.903107897180567e-05,3.8184980058698335,1.0397207708399179
麓川平,3,7.903107897180567e-05,3.8184980058698335,1.0397207708399179
免稅糧,3,7.903107897180567e-05,3.790552075479274,1.0397207708399179
海寇,2,7.903107897180567e-05,3.787058622144714,1.0397207708399179
甯正,2,7.903107897180567e-05,3.787058622144714,1.0397207708399179
五月壬午,4,7.903107897180567e-05,3.7706293723636466,1.0397207708399179
月甲午朔,4,7.903107897180567e-05,3.768915575885912,1.0397207708399179
江淵,2,7.903107897180567e-05,3.7327619957209923,1.0397207708399179
廟成,2,7.903107897180567e-05,3.7092987139048414,1.0397207708399179
王節制,3,7.903107897180567e-05,3.7044707021125705,1.0397207708399179
有奇,2,7.903107897180567e-05,3.702866530924366,1.0397207708399179
建寧,2,7.903107897180567e-05,3.6530369399671563,1.0397207708399179
二月丙申,4,7.903107897180567e-05,3.6194849219853147,1.0397207708399179
至大同,3,7.903107897180567e-05,3.5949047131493472,1.0397207708399179
之三月癸,4,7.903107897180567e-05,3.585952101877233,1.0397207708399179
傅友德等,4,7.903107897180567e-05,3.5800869824248354,1.0397207708399179
三年一,3,7.903107897180567e-05,3.570036646571334,1.0397207708399179
二十四,3,7.903107897180567e-05,3.532166372515924,1.0397207708399179
二月己丑,4,7.903107897180567e-05,3.5271116018543,1.0397207708399179
閏月癸,3,7.903107897180567e-05,3.5107751825346063,1.0397207708399179
五千,2,7.903107897180567e-05,3.4642551668997132,1.0397207708399179
占城入貢,4,7.903107897180567e-05,3.462993337079291,1.0397207708399179
二月丁酉,4,7.903107897180567e-05,3.4425542138262366,1.0397207708399179
於白,2,7.903107897180567e-05,3.418898017214067,1.0397207708399179
入直,2,7.903107897180567e-05,3.4036305450832787,1.0397207708399179
太監王,3,7.903107897180567e-05,3.394315773808731,1.0397207708399179
劉廣,2,7.903107897180567e-05,3.3799964175083232,1.0397207708399179
亨等,2,7.903107897180567e-05,3.3630224771870076,1.0397207708399179
者有司,3,7.903107897180567e-05,3.3336478685071036,1.0397207708399179
二月庚寅,4,7.903107897180567e-05,3.2922720107768986,1.0397207708399179
二月庚戌,4,7.903107897180567e-05,3.2922720107768986,1.0397207708399179
塞之,2,7.903107897180567e-05,3.2757971735733937,1.0397207708399179
將軍鎮,3,7.903107897180567e-05,3.261520487216711,1.0397207708399179
二月甲午,4,7.903107897180567e-05,3.224830729981366,1.0397207708399179
人皆,2,7.903107897180567e-05,3.076946314828229,1.0397207708399179
寅遣使,3,7.903107897180567e-05,3.0697931321358802,1.0397207708399179
丑召,2,7.903107897180567e-05,3.0534382437196017,1.0397207708399179
廣寧,2,7.903107897180567e-05,3.036522985428127,1.0397207708399179
午次,2,7.903107897180567e-05,3.0009421146813673,1.0397207708399179
文淵,2,0.0003556398553731255,5.39291871323093,1.0379083330628327
子澄,2,0.00021733546717246557,4.458023602282637,1.0361987848192837
翰林,2,0.0003556398553731255,7.094294120990717,1.035016633484322
兩畿山東,4,0.0001185466184577085,5.661479744235932,1.0114042647073518
禮部尚書,4,0.0001185466184577085,4.477593698476734,1.0114042647073518
國公常,3,0.0001185466184577085,4.34656543607033,1.0114042647073518
左副,2,0.0001185466184577085,4.343772492779614,1.0114042647073518
瓦剌入貢,4,0.0001185466184577085,3.8849877471386662,1.0114042647073518
州苗,2,0.0001185466184577085,3.6779996360467417,1.0114042647073518
二月乙亥,4,0.0001185466184577085,3.6302958380895305,1.0114042647073518
免河南,3,0.0001185466184577085,3.268676615526698,1.0114042647073518
占城爪哇,4,0.0001185466184577085,4.901931431684604,1.0114042647073516
河南被災,4,0.0001185466184577085,4.262716100275231,1.0114042647073516
文皇帝,3,0.0001185466184577085,3.962949288608378,1.0114042647073516
兵戰於,3,0.0001185466184577085,3.9197185550190956,1.0114042647073516
為征虜,3,0.0003358820856301741,4.802976752843013,1.006214565944081
魏國公徐,4,0.00013830438820065991,5.808083218427808,1.0042424730540764
將軍討,3,0.00013830438820065991,3.668459434943176,1.0042424730540764
十三年,3,0.00017781992768656275,3.3254940667801702,1.0027182645175161
年田租,3,0.00017781992768656275,3.145393397419912,1.0027182645175161
